,Gender,day1,day2,day3,day4,day5,day6,day7,day8,day9,day10,day11,day12,day13,day14,day15,day16,day17,day18,day19,day20,day21,day22,day23,day24,day25,day26,day27,day28,day29,day30
pt1,F,0,0,1,3,1,2,4,7,8,3,3,3,10,5,7,4,7,7,12,18,6,13,11,11,7,7,4,6,8,8
pt2,F,0,1,2,1,2,1,3,2,2,6,10,11,5,9,4,4,7,16,8,6,18,4,12,5,12,7,11,5,11,3
pt3,F,0,1,1,3,3,2,6,2,5,9,5,7,4,5,4,15,5,11,9,10,19,14,12,17,7,12,11,7,4,2
pt4,M,0,0,2,0,4,2,2,1,6,7,10,7,9,13,8,8,15,10,10,7,17,4,4,7,6,15,6,4,9,11
pt5,M,0,1,1,3,3,1,3,5,2,4,4,7,6,5,3,10,8,10,6,17,9,14,9,7,13,9,12,6,7,7
pt6,F,0,0,1,2,2,4,2,1,6,4,7,6,6,9,9,15,4,16,18,12,12,5,18,9,5,3,10,3,12,7
pt7,M,0,0,2,2,4,2,2,5,5,8,6,5,11,9,4,13,5,12,10,6,9,17,15,8,9,3,13,7,8,2
pt8,M,0,0,1,2,3,1,2,3,5,3,7,8,8,5,10,9,15,11,18,19,20,8,5,13,15,10,6,10,6,7
pt9,F,0,0,0,3,1,5,6,5,5,8,2,4,11,12,10,11,9,10,17,11,6,16,12,6,8,14,6,13,10,11
pt10,F,0,1,1,2,1,3,5,3,5,8,6,8,12,5,13,6,13,8,16,8,18,15,16,14,12,7,3,8,9,11
pt11,F,0,1,0,0,4,3,3,5,5,4,5,8,7,10,13,3,7,13,15,18,8,15,15,16,11,14,12,4,10,10
pt12,F,0,1,0,0,3,4,2,7,8,5,2,8,11,5,5,8,14,11,6,11,9,16,18,6,12,5,4,3,5,7
pt13,M,0,0,2,1,4,3,6,4,6,7,9,9,3,11,6,12,4,17,13,15,13,12,8,7,4,7,12,9,5,6
pt14,F,0,0,0,0,1,3,1,6,6,5,5,6,3,6,13,3,10,13,9,16,15,9,11,4,6,4,11,11,12,3
pt15,F,0,1,2,1,1,1,4,1,5,2,3,3,10,7,13,5,7,17,6,9,12,13,10,4,12,4,6,7,6,10
pt16,F,0,1,1,0,1,2,4,3,6,4,7,5,5,7,5,10,7,8,18,17,9,8,12,11,11,11,14,6,11,2
pt17,M,0,0,0,0,2,3,6,5,7,4,3,2,10,7,9,11,12,5,12,9,13,19,14,17,5,13,8,11,5,10
pt18,M,0,0,0,1,2,1,4,3,6,7,4,2,12,6,12,4,14,7,8,14,13,19,6,9,12,6,4,13,6,7
pt19,M,0,0,2,1,2,5,4,2,7,8,4,7,11,9,8,11,15,17,11,12,7,12,7,6,7,4,13,5,7,6
pt20,F,0,1,2,0,1,4,3,2,2,7,3,3,12,13,11,13,6,5,9,16,9,19,16,11,8,9,14,12,11,9
pt21,M,0,1,1,3,1,4,4,1,8,2,2,3,12,12,10,15,13,6,5,5,18,19,9,6,11,12,7,6,3,6
pt22,M,0,0,2,3,2,3,2,6,3,8,7,4,6,6,9,5,12,12,8,5,12,10,16,7,14,12,5,4,6,9
pt23,F,0,0,0,3,4,5,1,7,7,8,2,5,12,4,10,14,5,5,17,13,16,15,13,6,12,9,10,3,3,7
pt24,M,0,1,1,1,1,3,3,2,6,3,9,7,8,8,4,13,7,14,11,15,14,13,5,13,7,14,9,10,5,11
pt25,F,0,1,1,1,2,3,5,3,6,3,7,10,3,8,12,4,12,9,15,5,17,16,5,10,10,15,7,5,3,11
pt26,M,0,0,2,1,3,3,2,7,4,4,3,8,12,9,12,9,5,16,8,17,7,11,14,7,13,11,7,12,12,7
pt27,F,0,0,1,2,4,2,2,3,5,7,10,5,5,12,3,13,4,13,7,15,9,12,18,14,16,12,3,11,3,2
pt28,M,0,0,1,1,1,5,1,5,2,2,4,10,4,8,14,6,15,6,12,15,15,13,7,17,4,5,11,4,8,7
pt29,F,0,0,2,2,3,4,6,3,7,6,4,5,8,4,7,7,6,11,12,19,20,18,9,5,4,7,14,8,4,3
pt30,F,0,0,0,1,4,4,6,3,8,6,4,10,12,3,3,6,8,7,17,16,14,15,17,4,14,13,4,4,12,11
pt31,F,0,1,1,0,3,2,4,6,8,6,2,3,11,3,14,14,12,8,8,16,13,7,6,9,15,7,6,4,10,8
pt32,M,0,0,2,3,3,4,5,3,6,7,10,5,10,13,14,3,8,10,9,9,19,15,15,6,8,8,11,5,5,7
pt33,F,0,1,2,2,2,3,6,6,6,7,6,3,11,12,13,15,15,10,14,11,11,8,6,12,10,5,12,7,7,11
pt34,M,0,0,2,1,3,5,6,7,5,8,9,3,12,10,12,4,12,9,13,10,10,6,10,11,4,15,13,7,3,4
pt35,F,0,0,1,2,4,1,5,5,2,3,4,8,8,12,5,15,9,17,7,19,14,18,12,17,14,4,13,13,8,11
pt36,F,0,0,0,3,1,3,6,4,3,4,8,3,4,8,3,11,5,7,10,5,15,9,16,17,16,3,8,9,8,3
pt37,F,0,1,2,2,2,5,5,1,4,6,3,6,5,9,6,7,4,7,16,7,16,13,9,16,12,6,7,9,10,3
pt38,F,0,1,1,2,3,1,5,1,2,2,5,7,6,6,5,10,6,7,17,13,15,16,17,14,4,4,10,10,10,11
pt39,M,0,1,0,3,2,4,1,1,5,9,10,7,12,10,9,15,12,13,13,6,19,9,10,6,13,5,13,6,7,2
pt40,F,0,1,1,3,1,1,5,5,3,7,2,2,3,12,4,6,8,15,16,16,15,4,14,5,13,10,7,10,6,3
pt41,F,0,0,0,2,2,1,3,4,5,5,6,5,5,12,13,5,7,5,11,15,18,7,9,10,14,12,11,9,10,3
pt42,M,0,0,1,3,3,1,2,1,8,9,2,8,10,3,8,6,10,13,11,17,19,6,4,11,6,12,7,5,5,4
pt43,F,0,1,1,3,4,5,2,1,3,7,9,6,10,5,8,15,11,12,15,6,12,16,6,4,14,3,12,9,6,11
pt44,F,0,0,1,3,1,4,3,6,7,8,5,7,11,3,6,11,6,10,6,19,18,14,6,10,7,9,8,5,8,3
pt45,M,0,1,1,3,3,4,4,6,3,4,9,9,7,6,8,15,12,15,6,11,6,18,5,14,15,12,9,8,3,6
pt46,M,0,1,2,2,4,3,1,4,8,9,5,10,10,3,4,6,7,11,16,6,14,9,11,10,10,7,10,8,8,4
pt47,F,0,0,2,3,4,5,4,6,2,9,7,4,9,10,8,11,16,12,15,17,19,10,18,13,15,11,8,4,7,11
pt48,M,0,1,1,3,1,4,6,2,8,2,10,3,11,9,13,15,5,15,6,10,10,5,14,15,12,7,4,5,11,4
pt49,F,0,0,1,3,2,5,1,2,7,6,6,3,12,9,4,14,4,6,12,9,12,7,11,7,16,8,13,6,7,6
pt50,M,0,0,1,2,3,4,5,7,5,4,10,5,12,12,5,4,7,9,18,16,16,10,15,15,10,4,3,7,5,9
pt51,F,0,1,2,1,1,3,5,3,6,3,10,10,11,10,13,10,13,6,6,14,5,4,5,5,9,4,12,7,7,4
pt52,M,0,1,2,2,3,5,2,4,5,6,8,3,5,4,3,15,15,12,16,7,20,15,12,8,9,6,12,5,8,3
pt53,M,0,0,0,2,4,4,5,3,3,3,10,4,4,4,14,11,15,13,10,14,11,17,9,11,11,7,10,12,10,10
pt54,M,0,0,2,1,1,4,4,7,2,9,4,10,12,7,6,6,11,12,9,15,15,6,6,13,5,12,9,6,4,7
pt55,F,0,1,2,1,1,4,5,4,4,5,9,7,10,3,13,13,8,9,17,16,16,15,12,13,5,12,10,9,11,9
pt56,M,0,0,1,3,2,3,6,4,5,7,2,4,11,11,3,8,8,16,5,13,16,5,8,8,6,9,10,10,9,3
pt57,M,0,1,1,2,2,5,1,7,4,2,5,5,4,6,6,4,16,11,14,16,14,14,8,17,4,14,13,7,6,3
pt58,M,0,1,1,1,4,1,6,4,6,3,6,5,6,4,14,13,13,9,12,19,9,10,15,10,9,10,10,7,5,6
pt59,M,0,0,0,1,4,5,6,3,8,7,9,10,8,6,5,12,15,5,10,5,8,13,18,17,14,9,13,4,10,11
pt60,F,0,0,1,0,3,2,5,4,8,2,9,3,3,10,12,9,14,11,13,8,6,18,11,9,13,11,8,5,5,2
pt61,M,0,0,0,1,3,4,6,5,2,7,7,8,6,11,5,6,10,4,5,9,15,15,14,13,14,12,10,9,8,8
pt62,F,0,0,2,2,4,2,1,7,5,7,3,6,10,5,5,14,14,9,11,10,5,5,5,15,6,6,10,13,6,8
pt63,F,0,1,2,3,2,1,4,1,8,7,4,5,10,3,11,5,11,8,18,4,17,9,5,6,15,14,11,5,6,4
pt64,F,0,0,0,0,1,2,4,7,3,5,8,7,5,13,10,7,11,8,18,6,13,4,10,13,5,5,4,3,8,9
pt65,M,0,1,0,2,1,2,3,6,5,2,9,3,5,12,9,5,8,11,9,4,19,19,15,9,6,12,9,3,6,2
pt66,F,0,0,1,3,4,4,2,2,6,3,2,9,4,11,12,8,6,8,8,7,18,11,13,13,10,5,7,11,3,6
pt67,F,0,1,0,3,2,3,2,2,4,6,4,11,11,8,3,9,11,7,12,16,10,5,17,8,11,15,6,8,11,10
pt68,M,0,1,2,1,4,1,2,7,2,2,8,9,5,6,12,12,6,14,6,5,12,11,11,5,10,7,6,6,10,2
pt69,M,0,0,1,2,2,1,4,2,7,4,10,6,4,3,6,5,8,13,8,8,12,4,13,4,13,4,14,5,12,10
pt70,M,0,1,1,1,4,2,1,3,5,3,2,3,11,3,4,5,14,4,5,8,18,18,13,5,11,4,13,12,11,4
pt71,M,0,1,0,0,2,3,5,2,5,8,4,7,7,8,5,5,8,15,14,4,10,12,8,14,11,14,5,13,4,6
pt72,M,0,1,2,3,2,5,6,4,2,4,6,9,6,9,6,6,14,11,6,18,6,13,18,7,15,13,3,12,8,8
pt73,M,0,0,0,1,4,1,4,1,7,7,8,7,7,4,9,3,8,17,17,9,13,19,5,10,8,7,5,3,7,4
pt74,F,0,0,2,1,1,4,5,7,8,5,5,3,6,9,7,8,10,10,13,19,18,15,4,11,6,4,8,11,7,5
pt75,F,0,1,0,3,4,3,3,7,6,8,4,11,6,10,10,7,12,9,11,17,10,16,17,4,5,8,4,8,10,8
pt76,F,0,0,0,3,1,3,5,1,6,5,3,4,8,11,11,3,4,12,14,17,7,9,4,8,8,15,3,12,9,10
pt77,M,0,1,0,0,4,5,5,6,8,9,2,11,4,13,5,15,13,5,13,7,7,5,12,4,12,10,7,4,4,10
pt78,M,0,0,2,0,2,3,2,4,4,3,10,5,8,9,8,12,15,10,9,4,17,5,13,12,15,5,8,10,9,5
pt79,M,0,0,2,1,3,4,3,2,7,3,5,7,9,8,6,3,7,12,13,15,20,7,5,17,13,5,5,13,8,6
pt80,M,0,0,0,3,4,2,2,5,2,8,6,10,7,13,7,11,10,6,12,14,8,7,9,12,11,5,5,13,7,7
pt81,F,0,1,1,2,4,1,6,3,8,8,8,9,8,7,12,9,5,7,9,11,8,7,11,6,8,13,14,5,3,7
pt82,F,0,0,2,3,3,1,5,3,3,6,8,4,12,8,12,11,14,9,5,7,11,13,13,4,13,12,14,6,7,5
pt83,M,0,1,2,3,2,4,1,3,6,2,10,11,7,3,9,6,11,15,4,19,16,9,18,4,6,12,6,5,9,6
pt84,M,0,1,0,3,4,5,6,5,4,3,3,9,9,13,10,12,14,7,15,16,15,7,15,6,9,7,10,9,4,8
pt85,F,0,1,0,1,4,2,2,7,7,8,7,11,9,5,5,6,14,7,6,14,8,17,5,13,8,6,13,13,10,10
pt86,F,0,0,2,2,2,4,3,7,6,9,10,10,3,5,14,14,9,15,16,17,15,10,4,14,12,6,8,12,4,3
pt87,M,0,1,0,2,3,5,3,6,3,7,6,5,11,7,14,9,7,8,6,4,12,5,12,6,5,6,3,7,3,8
pt88,F,0,1,1,0,2,3,4,1,3,8,8,8,7,6,6,11,13,9,9,9,10,14,8,5,13,4,5,3,3,2
pt89,M,0,0,2,3,4,5,2,3,8,6,6,5,10,8,7,15,14,6,6,6,8,7,12,10,7,12,5,8,12,11
pt90,M,0,0,1,1,3,2,4,3,4,8,4,3,4,13,11,14,6,6,15,16,10,19,10,15,14,13,7,9,4,2
pt91,M,0,1,0,2,2,2,3,1,4,9,9,2,5,6,13,7,13,8,17,15,7,13,11,13,9,5,7,13,10,5
pt92,F,0,0,1,1,1,3,5,4,2,2,6,10,9,9,5,5,5,11,18,18,6,14,12,8,15,5,4,4,11,4
pt93,M,0,1,0,2,2,5,2,3,2,9,4,2,12,11,6,4,9,11,4,18,19,5,4,6,7,7,10,13,9,2
pt94,M,0,1,1,3,2,5,2,5,2,2,9,5,10,11,14,14,15,8,4,13,6,13,11,13,9,5,10,12,8,8
pt95,M,0,1,1,2,2,3,2,7,7,8,7,9,4,5,3,9,8,8,11,19,5,16,13,7,16,12,8,7,11,8
pt96,M,0,1,1,2,4,4,4,4,4,5,5,11,3,5,6,13,8,14,5,14,9,6,9,15,9,6,4,7,4,6
pt97,M,0,0,2,1,1,1,4,7,3,2,9,7,11,4,5,4,16,16,9,4,16,5,16,17,4,9,6,4,10,11
pt98,F,0,0,1,1,3,1,4,4,4,7,9,2,3,11,5,10,12,8,6,6,16,13,10,6,7,10,9,7,4,6
pt99,F,0,0,1,0,3,3,1,7,4,8,8,2,12,5,12,15,4,12,12,13,20,8,14,5,14,15,6,5,4,4
pt100,F,0,1,0,1,4,2,2,5,4,7,3,11,3,12,11,6,4,15,15,16,8,4,16,15,8,7,12,10,5,5
pt101,F,0,0,1,2,3,5,4,6,7,7,2,8,9,6,4,9,7,14,6,11,17,16,13,12,16,12,6,5,8,3
pt102,M,0,1,2,3,1,3,5,2,2,4,5,9,12,4,7,13,15,4,15,12,15,18,5,16,4,15,8,9,4,9
pt103,M,0,1,1,1,2,2,6,3,5,2,10,4,7,13,3,5,14,10,9,16,18,11,15,5,9,14,8,4,3,3
pt104,M,0,1,1,2,1,1,5,3,5,4,9,8,11,3,5,15,6,6,8,19,8,15,18,10,12,10,10,6,9,3
pt105,M,0,1,2,0,2,1,4,1,5,7,3,2,5,6,6,9,4,17,11,10,16,12,17,13,10,7,13,6,8,9
pt106,M,0,0,1,2,3,2,3,5,3,9,8,4,3,9,8,14,6,15,13,4,17,8,9,17,9,5,6,8,10,6
pt107,M,0,1,1,0,1,1,2,7,8,6,4,4,9,3,10,14,14,11,6,8,18,5,13,10,4,5,3,12,9,7
pt108,M,0,0,0,1,1,1,4,2,5,4,10,9,7,9,3,15,12,6,14,17,16,18,5,8,10,12,10,11,11,8
pt109,F,0,0,0,2,4,4,1,2,7,4,7,7,10,7,14,9,6,17,8,8,8,9,6,15,15,12,10,9,11,6
pt110,M,0,1,1,1,1,1,1,3,3,4,10,2,6,7,12,8,6,5,11,19,8,10,6,9,15,7,13,7,10,3
pt111,F,0,1,1,2,2,4,5,3,4,6,2,3,10,3,7,15,10,8,12,7,13,12,9,7,8,4,9,8,12,10
pt112,F,0,0,0,1,3,2,6,5,6,6,7,8,3,13,5,12,4,12,10,18,13,7,7,4,15,13,5,8,10,3
pt113,M,0,0,1,0,2,2,3,3,4,8,5,2,8,7,9,7,9,4,7,4,6,11,10,10,8,14,4,5,3,10
pt114,F,0,0,2,2,2,1,6,4,4,2,2,3,7,4,8,15,8,12,17,10,17,8,13,13,8,7,3,9,6,2
pt115,M,0,0,0,1,4,2,1,4,8,7,7,10,12,5,4,4,12,7,18,9,16,19,11,7,14,8,11,11,10,9
pt116,M,0,0,2,2,4,2,3,6,4,5,4,2,5,4,11,13,4,10,16,16,6,16,7,14,5,7,11,10,12,10
pt117,F,0,1,0,2,2,1,6,2,2,2,9,5,9,12,5,12,10,13,9,4,17,14,5,10,12,3,13,4,9,8
pt118,M,0,0,2,0,4,3,5,5,6,9,4,5,4,3,10,3,7,11,12,10,19,16,17,14,16,9,12,5,10,11
pt119,F,0,0,0,3,3,1,5,7,7,7,6,8,7,6,10,14,6,12,5,15,20,18,14,17,14,11,13,10,9,5
pt120,M,0,1,2,0,4,5,6,6,2,5,10,10,3,7,13,9,5,16,6,18,15,10,13,11,12,15,10,12,3,8
pt121,M,0,0,0,2,0,4,1,7,2,6,4,7,2,4,10,7,3,13,9,3,0,1,0,15,0,5,12,3,8,6
pt122,M,0,0,0,3,0,4,3,5,3,11,4,13,6,2,8,1,3,0,17,12,4,3,4,4,9,8,8,2,5,3
pt123,F,0,0,1,2,0,1,0,1,6,9,4,3,7,5,4,14,8,5,0,10,5,4,9,12,4,5,5,8,6,2
pt124,M,0,0,0,0,0,3,7,3,2,1,5,2,8,0,10,3,3,1,13,11,12,0,5,0,5,6,10,8,4,3
pt125,F,0,0,1,0,0,2,1,2,3,9,6,14,4,6,13,8,7,13,0,15,3,1,3,1,6,4,4,0,4,2
pt126,F,0,0,0,1,1,2,2,7,4,5,4,6,5,3,11,6,2,14,1,15,8,3,3,1,2,0,8,3,14,5
pt127,M,0,0,1,2,1,0,0,1,1,5,2,14,9,1,12,12,1,13,10,14,2,13,4,16,8,0,12,2,3,4
pt128,F,0,0,0,2,0,5,2,5,1,5,6,11,2,4,2,5,0,0,4,1,7,1,7,17,12,5,5,4,3,6
pt129,F,0,0,0,2,0,2,6,3,1,6,3,9,8,4,11,5,0,10,9,3,9,5,5,16,10,2,2,8,10,1
pt130,M,0,0,0,2,0,3,3,5,6,0,0,12,7,0,16,8,2,19,0,7,2,13,5,8,11,2,5,5,1,5
pt131,M,0,0,0,1,1,5,3,7,5,8,5,10,4,4,13,8,8,6,14,14,8,9,3,1,0,1,6,4,10,4
pt132,M,0,0,0,0,1,4,4,4,1,3,2,10,3,5,10,14,6,11,2,8,10,12,2,3,10,4,0,8,14,1
pt133,M,0,0,1,3,0,2,5,1,5,1,3,8,5,6,7,6,7,14,4,15,0,2,3,0,2,8,16,1,13,0
pt134,M,0,0,0,2,0,4,5,7,6,11,4,14,2,1,14,8,4,5,8,2,8,11,6,9,10,3,14,8,10,2
pt135,F,0,0,0,0,0,5,4,1,6,0,3,7,7,5,11,8,1,7,2,13,12,5,6,10,16,2,12,3,3,6
pt136,F,0,0,1,0,1,1,1,6,2,5,6,2,1,1,4,6,0,10,12,15,6,1,5,0,8,3,1,4,4,6
pt137,F,0,0,1,1,1,0,2,0,1,8,6,5,3,1,2,12,5,12,2,14,9,8,4,1,14,1,11,7,10,1
pt138,M,0,0,1,0,1,0,7,2,0,6,4,7,9,0,12,5,2,18,5,15,6,5,0,4,16,7,2,6,2,5
pt139,F,0,0,1,2,0,1,4,6,1,12,6,9,0,2,8,3,6,0,7,12,5,15,10,5,16,7,1,4,11,6
pt140,F,0,0,1,3,0,0,2,3,0,4,2,9,7,1,11,11,8,0,16,0,4,7,10,14,0,7,15,1,11,4
pt141,M,0,0,1,2,1,3,0,3,6,4,4,5,9,3,14,7,4,20,6,0,6,7,7,5,8,7,13,8,3,4
pt142,M,0,0,0,0,0,3,5,4,1,5,3,14,7,6,15,15,7,20,16,11,10,17,5,16,2,3,9,8,14,0
pt143,F,0,0,1,0,1,0,3,5,6,1,3,13,6,2,16,0,8,11,7,1,10,12,0,1,12,6,6,4,12,3
pt144,F,0,0,1,2,1,5,7,5,3,9,5,12,1,4,1,15,1,5,8,9,5,1,7,3,7,2,12,7,11,2
pt145,M,0,0,0,3,0,0,6,3,5,1,6,14,6,0,4,2,9,13,12,13,8,6,4,15,8,5,16,7,13,3
pt146,M,0,0,1,2,0,2,1,6,1,7,1,1,5,6,15,1,4,10,12,8,0,6,2,1,9,4,10,7,6,6
pt147,F,0,0,0,3,1,1,4,1,0,4,4,5,1,6,14,16,4,10,12,8,10,1,0,19,3,2,9,7,3,5
pt148,F,0,0,1,3,0,3,1,5,1,10,3,5,2,1,0,6,2,9,0,3,12,5,3,5,16,2,9,1,13,5
pt149,F,0,0,0,1,1,3,2,1,4,4,3,7,3,6,1,17,4,11,0,13,6,8,8,2,3,5,0,7,14,1
pt150,M,0,0,0,3,0,3,1,0,4,0,3,1,1,6,5,5,7,18,9,9,2,15,8,1,9,7,8,3,5,5
pt151,M,0,0,1,0,0,5,0,3,2,8,1,6,4,6,15,9,6,15,11,6,3,11,3,13,7,0,7,0,5,0
pt152,F,0,0,0,2,0,1,1,7,2,4,0,8,6,0,1,12,3,5,15,0,12,13,9,7,15,5,16,5,13,5
pt153,M,0,0,0,0,1,5,3,0,1,4,0,12,1,5,13,3,8,20,15,4,2,14,1,6,3,8,3,8,7,3
pt154,F,0,0,0,2,1,3,1,5,2,11,1,2,4,2,4,5,1,7,2,14,5,16,3,16,6,2,15,1,8,2
pt155,F,0,0,0,0,1,0,7,7,2,7,5,10,2,1,17,10,4,8,16,4,9,3,3,8,5,7,6,0,4,1
pt156,M,0,0,0,2,0,1,1,5,5,8,6,8,9,1,7,9,2,3,11,5,10,9,0,15,14,4,14,7,8,1
pt157,F,0,0,1,0,0,1,4,4,5,5,0,8,6,1,17,16,7,20,7,13,5,16,9,6,10,7,4,5,3,5
pt158,M,0,0,1,2,1,1,2,5,3,9,1,5,0,4,2,14,7,6,16,16,6,2,5,13,10,8,8,8,6,5
pt159,M,0,0,1,2,0,0,4,1,0,11,3,0,1,0,14,13,4,16,12,0,10,12,0,18,16,2,10,3,5,5
pt160,M,0,0,0,3,0,5,2,4,3,8,6,9,4,5,10,4,6,17,13,10,5,11,5,18,8,1,4,3,13,0
pt161,M,0,0,1,3,1,4,7,5,5,8,1,3,2,6,8,1,8,3,17,16,1,10,1,9,3,6,1,1,8,0
pt162,F,0,0,1,0,1,3,4,2,1,0,6,14,2,6,13,6,1,18,15,11,9,17,8,15,2,1,9,5,5,4
pt163,F,0,0,1,0,0,5,7,4,1,6,3,2,5,0,16,11,2,6,16,0,7,4,5,7,13,4,2,8,9,2
pt164,F,0,0,0,1,0,5,4,6,1,7,5,14,4,0,12,3,3,13,2,8,11,13,0,0,10,0,15,0,13,1
pt165,M,0,0,1,3,0,0,1,4,5,6,2,9,6,3,3,2,7,19,6,1,12,9,8,18,11,4,7,6,5,1
pt166,F,0,0,1,3,0,5,7,5,4,11,3,0,3,1,10,2,5,8,12,7,11,7,2,9,15,7,7,0,14,4
pt167,M,0,0,1,3,0,4,5,3,5,1,3,10,4,2,2,16,6,1,12,1,11,5,2,5,14,2,2,3,10,6
pt168,F,0,0,1,1,1,0,2,2,3,2,4,4,6,4,6,13,6,11,15,2,10,3,3,2,6,8,7,5,13,3
pt169,F,0,0,1,3,0,3,0,3,6,3,5,9,3,3,10,3,9,1,9,6,12,13,8,11,16,4,2,3,1,5
pt170,M,0,0,1,1,0,1,6,2,5,8,0,7,2,5,13,14,0,19,4,16,9,2,6,16,3,3,6,0,11,0
pt171,M,0,0,1,1,0,3,4,4,5,5,0,6,7,3,14,9,8,7,6,1,0,13,9,3,1,2,5,0,12,5
pt172,F,0,0,1,0,1,2,2,1,5,0,6,8,8,5,3,13,3,6,6,15,7,12,2,19,16,8,10,0,7,1
pt173,F,0,0,1,2,1,3,6,5,0,7,5,7,2,1,11,1,5,4,1,2,6,7,7,7,13,4,2,2,9,1
pt174,F,0,0,1,1,1,3,0,4,3,8,0,1,1,4,2,6,6,6,7,13,12,15,3,12,13,8,11,1,8,2
pt175,F,0,0,0,0,0,3,6,3,3,3,0,11,8,6,4,0,3,17,8,2,8,5,3,18,5,8,1,6,0,6
pt176,M,0,0,1,3,0,2,6,5,6,7,2,10,1,4,14,11,1,19,14,8,10,14,10,4,11,8,8,2,3,5
pt177,F,0,0,1,2,1,2,4,5,3,10,5,10,0,4,12,8,2,12,8,8,4,14,1,13,2,8,6,5,1,4
pt178,F,0,0,1,3,0,3,2,0,3,2,6,11,3,1,0,3,3,0,11,1,6,3,4,16,3,2,13,6,9,4
pt179,M,0,0,1,2,1,0,4,3,1,6,4,14,4,3,14,17,1,0,8,5,4,4,10,2,14,5,11,0,6,4
pt180,M,0,0,0,0,0,0,0,0,0,0,0,0,0,0,0,0,0,0,0,0,0,0,0,0,0,0,0,0,0,0
pt181,M,0,1,2,2,4,4,2,5,2,4,8,4,10,7,3,13,10,11,7,7,9,17,7,6,12,13,12,6,5,4
pt182,F,0,1,1,1,2,1,4,1,4,9,3,10,10,4,7,10,5,15,17,9,6,12,10,11,9,15,7,11,11,9
pt183,F,0,0,1,2,4,1,2,3,6,8,5,6,4,3,8,12,7,4,14,11,15,17,13,4,11,13,10,9,5,6
pt184,M,0,0,2,1,1,2,4,1,5,8,3,2,6,10,6,5,11,9,15,9,5,9,17,13,9,12,5,4,6,3
pt185,F,0,1,2,3,4,2,2,5,5,5,2,9,11,11,5,15,15,16,15,17,18,18,8,12,5,10,12,11,8,2
pt186,F,0,1,0,0,2,2,1,5,6,8,9,7,11,6,4,14,15,11,13,11,18,9,5,16,6,11,10,10,10,2
pt187,M,0,0,0,2,4,5,1,1,5,2,10,6,12,5,12,6,13,15,11,12,19,14,15,17,13,9,14,4,12,8
pt188,M,0,0,1,2,2,2,2,4,2,5,6,6,10,12,8,15,11,14,15,15,20,9,7,9,10,7,9,12,11,2
pt189,F,0,0,1,3,2,5,5,5,7,4,4,3,5,7,9,13,4,13,16,11,13,10,16,13,12,9,6,10,12,6
pt190,M,0,1,0,3,3,4,1,7,7,8,8,10,5,6,11,5,16,5,16,19,9,7,12,15,5,3,7,8,9,8
pt191,M,0,0,0,1,4,1,6,6,2,8,7,10,4,8,11,9,5,4,11,18,7,19,4,5,8,9,5,12,4,11
pt192,M,0,1,2,2,1,2,4,5,5,8,2,10,8,7,12,4,14,14,9,15,20,5,14,12,11,6,12,12,6,9
pt193,F,0,1,0,1,1,3,1,5,5,6,5,11,5,12,14,12,8,16,5,7,15,12,12,10,5,9,14,13,10,6
pt194,F,0,1,0,2,3,5,4,4,5,9,4,8,9,11,12,5,8,4,16,5,14,15,14,12,11,9,3,8,8,6
pt195,F,0,1,2,3,2,4,6,3,7,3,10,2,5,13,10,11,10,17,7,9,7,17,17,13,15,7,9,6,10,10
pt196,M,0,0,0,3,4,2,4,6,4,5,4,3,12,9,3,8,9,8,12,17,20,11,4,9,12,9,3,12,7,8
pt197,F,0,0,0,3,2,5,4,7,3,9,2,2,6,3,3,15,5,7,14,19,11,13,6,16,5,6,8,13,6,2
pt198,F,0,1,0,2,3,3,4,7,7,9,2,3,9,3,6,14,6,4,11,7,17,7,16,11,6,13,7,7,11,2
pt199,M,0,1,1,3,2,1,1,1,8,2,8,10,3,10,9,7,16,17,8,19,18,6,5,7,8,14,14,10,12,5
pt200,F,0,1,1,1,2,2,2,7,5,4,8,3,4,6,4,12,9,11,12,14,6,6,18,12,9,9,11,8,4,3
pt201,M,0,1,1,3,2,2,6,2,7,2,4,5,11,10,13,5,8,6,13,14,19,8,13,4,15,8,12,10,12,8
pt202,M,0,0,1,2,2,5,2,5,8,7,5,2,11,5,14,10,6,14,11,6,18,6,14,9,14,5,6,3,6,11
pt203,F,0,1,1,2,2,3,6,4,6,7,10,10,12,12,6,15,5,15,10,19,7,15,16,10,7,14,12,6,7,2
pt204,F,0,1,0,3,2,3,5,2,2,7,3,6,7,9,12,12,15,15,15,13,14,8,17,12,15,4,9,13,12,4
pt205,F,0,0,0,1,2,4,1,4,2,2,6,4,10,8,5,14,6,11,10,10,17,10,14,16,8,13,3,4,7,3
pt206,F,0,0,0,1,3,4,4,5,6,6,8,7,11,7,9,6,15,7,12,10,16,16,15,11,4,5,14,8,5,9
pt207,F,0,1,0,3,4,2,5,3,2,7,10,2,5,8,4,8,14,15,15,8,15,6,17,14,12,5,12,8,9,9
pt208,F,0,1,0,1,4,3,1,6,4,6,2,6,10,12,6,15,9,7,10,8,15,5,8,16,8,4,7,12,11,4
pt209,F,0,1,2,1,1,2,1,7,2,3,4,6,8,12,3,11,9,11,15,16,17,4,17,5,8,6,3,5,10,11
pt210,F,0,0,1,3,4,5,3,5,5,8,7,6,8,5,14,15,14,9,8,16,20,19,5,6,8,9,5,12,9,2
pt211,F,0,0,0,2,3,2,4,2,6,8,5,10,3,6,12,9,10,4,7,6,15,19,5,7,10,15,6,12,12,10
pt212,F,0,1,0,2,2,4,4,2,8,4,6,7,11,5,4,7,13,11,12,5,9,18,15,4,11,6,11,6,9,4
pt213,F,0,0,0,2,3,2,5,2,5,9,3,4,9,10,10,9,5,12,10,16,12,6,15,9,6,3,8,13,7,8
pt214,M,0,0,0,3,3,2,6,1,8,3,3,5,12,6,8,13,4,14,9,6,14,10,15,13,15,11,12,8,4,4
pt215,M,0,0,1,1,3,4,1,6,5,5,10,9,6,5,11,14,7,14,6,10,11,15,11,10,16,7,4,3,11,7
pt216,F,0,0,1,0,2,3,5,3,5,6,5,3,5,6,6,9,11,10,11,19,19,19,14,5,7,13,5,8,5,6
pt217,F,0,0,1,2,3,2,4,6,8,4,3,7,10,4,5,7,8,6,14,15,6,4,9,17,6,6,8,5,7,8
pt218,M,0,1,1,1,4,4,4,5,2,2,4,7,4,12,11,11,15,13,7,11,10,6,8,4,5,11,13,4,7,11
pt219,F,0,1,1,1,1,2,5,6,5,7,6,3,8,11,13,8,14,14,8,12,8,5,15,13,13,15,10,9,3,4
pt220,M,0,1,0,1,1,4,2,4,3,3,3,8,7,4,10,13,10,6,17,16,20,7,12,16,6,6,11,12,7,4
pt221,M,0,1,2,0,1,2,6,5,8,6,7,6,11,6,7,12,9,7,16,7,10,12,14,9,15,11,5,3,6,9
pt222,M,0,0,1,0,4,4,1,7,4,5,6,9,11,6,3,7,10,15,11,17,19,15,8,14,16,14,14,8,3,2
pt223,M,0,1,0,3,4,5,5,2,8,2,2,4,6,5,6,13,7,9,7,6,8,10,13,4,4,6,14,8,10,3
pt224,M,0,1,1,0,3,3,2,4,2,6,4,3,11,11,6,3,10,10,18,13,14,8,12,8,8,13,6,7,6,5
pt225,M,0,0,1,2,4,3,4,4,4,8,6,8,5,11,13,4,16,11,11,7,6,18,13,9,10,10,5,9,10,4
pt226,M,0,0,0,2,1,2,3,2,6,2,10,2,12,7,8,15,16,8,16,13,11,14,14,16,15,14,7,5,3,4
pt227,F,0,0,1,0,3,4,5,6,5,8,3,4,10,5,3,10,9,15,4,13,5,17,9,4,15,6,6,3,3,3
pt228,F,0,0,0,3,4,5,1,5,4,5,5,5,4,12,14,6,10,14,11,19,12,11,8,16,14,6,13,8,8,9
pt229,F,0,0,2,2,3,2,2,1,7,3,3,8,12,3,12,5,12,11,5,12,10,8,17,16,16,12,5,7,3,2
pt230,F,0,1,2,1,4,5,1,6,2,3,10,7,11,6,11,5,6,4,17,5,5,5,16,6,10,12,11,5,10,11
pt231,M,0,1,2,2,4,2,3,2,4,3,2,3,3,8,8,11,4,6,9,11,14,9,14,14,15,15,10,6,7,2
pt232,F,0,0,2,2,2,1,5,4,7,7,2,9,12,6,7,15,10,4,12,4,20,7,18,16,9,15,4,11,4,10
pt233,F,0,1,0,3,2,4,1,5,8,5,5,10,9,12,10,4,4,14,16,4,20,14,10,15,6,6,6,8,7,5
pt234,F,0,0,0,2,2,3,4,1,8,5,6,5,8,12,14,6,4,10,18,10,10,11,7,15,6,14,11,10,9,2
pt235,F,0,0,2,3,2,4,2,3,2,6,2,10,10,7,4,13,14,11,17,16,6,8,4,16,12,15,6,11,12,5
pt236,F,0,0,0,3,2,1,5,3,4,3,6,5,5,9,13,11,6,6,7,11,8,17,11,16,14,8,13,7,9,9
pt237,F,0,0,1,3,3,3,3,3,5,4,4,9,9,13,4,11,14,5,13,10,11,18,11,8,11,6,8,5,5,2
pt238,M,0,0,1,2,3,5,4,7,3,3,7,7,3,3,8,4,16,9,9,9,5,4,12,6,4,15,3,11,4,4
pt239,F,0,0,2,3,2,1,4,7,8,4,4,11,12,6,9,13,10,11,13,4,17,16,12,5,4,11,11,5,12,2
pt240,M,0,0,2,2,1,1,4,4,5,2,8,10,4,9,13,5,11,5,10,5,9,15,18,14,11,11,7,6,11,10
pt241,F,0,1,0,2,4,4,5,1,2,5,5,8,10,12,10,9,15,9,7,9,10,7,5,8,9,6,7,5,11,9
pt242,M,0,0,2,1,1,4,4,6,2,4,4,4,7,12,11,15,10,9,12,15,7,17,14,12,6,12,5,11,3,9
pt243,M,0,1,0,0,1,2,2,3,4,8,5,2,7,13,14,13,15,16,15,13,18,4,10,11,6,3,14,4,4,6
pt244,F,0,1,0,2,1,3,6,1,3,4,10,2,8,11,11,12,14,12,15,15,20,11,12,7,4,15,9,11,9,5
pt245,M,0,0,2,2,3,3,5,1,4,2,9,7,5,7,11,10,14,6,9,7,18,15,15,5,6,14,5,5,11,9
pt246,M,0,0,0,2,3,4,4,5,3,2,9,8,8,12,11,6,15,8,17,14,20,7,8,10,4,11,9,6,7,7
pt247,M,0,1,1,1,3,1,6,4,5,5,2,6,9,13,13,11,10,6,15,16,14,16,14,10,5,9,8,4,9,4
pt248,M,0,0,2,3,1,4,6,6,4,5,3,5,10,8,6,8,4,14,7,17,7,5,17,8,10,10,10,3,11,3
pt249,F,0,0,2,1,4,4,4,7,5,5,10,8,6,12,14,12,6,6,16,5,6,15,10,5,15,13,13,7,3,11
pt250,M,0,1,2,1,2,3,6,1,2,6,10,7,12,6,3,4,4,16,16,18,9,7,10,10,16,12,11,6,3,10
pt251,M,0,0,1,3,2,1,1,4,4,5,10,9,6,5,12,13,4,16,11,19,11,15,13,13,9,7,12,5,3,7
pt252,M,0,0,1,0,1,3,1,3,4,7,7,8,8,6,7,5,10,12,6,15,15,8,12,8,14,5,5,7,9,4
pt253,M,0,1,0,0,2,1,5,1,8,3,7,2,5,13,9,9,10,12,9,5,12,7,5,8,16,5,6,5,4,4
pt254,F,0,1,1,2,1,4,2,3,3,9,2,7,6,7,6,3,13,11,13,15,14,15,8,15,14,13,8,9,10,8
pt255,M,0,1,1,3,2,4,2,7,3,8,5,9,10,7,9,4,4,5,4,10,13,4,9,9,12,8,7,5,3,4
pt256,M,0,0,2,2,4,5,6,2,5,3,5,5,11,6,8,8,6,6,10,17,19,9,11,8,7,11,4,5,12,6
pt257,F,0,1,0,2,4,3,6,7,7,9,2,7,9,5,12,7,8,5,15,12,13,16,18,5,13,15,4,8,3,4
pt258,F,0,1,1,3,4,5,4,3,4,9,10,5,11,10,7,6,10,7,15,18,14,17,15,16,13,14,6,4,6,8
pt259,M,0,0,2,1,3,4,3,6,8,5,6,2,10,11,11,10,5,15,9,18,10,15,11,15,8,15,7,13,7,5
pt260,F,0,1,1,0,2,1,4,4,4,5,10,11,12,10,7,10,7,16,16,8,14,18,8,16,7,13,14,12,9,2
pt261,M,0,1,0,1,1,2,4,1,4,5,5,7,3,12,10,9,5,5,17,4,8,12,5,11,11,4,13,7,6,4
pt262,F,0,0,2,2,2,4,1,4,7,5,8,11,12,5,3,4,6,6,17,17,16,7,4,17,16,4,11,3,11,4
pt263,F,0,1,0,1,4,2,6,3,7,6,9,8,4,9,10,7,7,6,6,5,5,13,17,4,11,15,13,3,10,5
pt264,F,0,0,2,3,2,4,6,4,3,5,6,5,10,10,8,9,15,16,17,14,5,18,17,6,7,6,7,11,7,10
pt265,F,0,0,1,0,1,1,3,1,4,7,8,10,11,11,8,13,9,7,12,14,16,10,10,15,9,4,9,10,3,10
pt266,F,0,0,1,1,4,5,3,4,8,2,10,6,6,5,9,3,16,16,18,10,16,19,11,8,15,3,11,3,6,3
pt267,M,0,0,2,2,3,5,4,5,5,7,4,2,4,12,11,6,7,17,18,4,10,5,8,15,16,10,7,12,6,4
pt268,F,0,0,0,3,2,1,2,7,4,7,10,11,12,3,13,5,6,14,10,16,13,10,11,8,11,13,11,8,12,8
pt269,F,0,1,1,2,4,1,5,7,6,5,4,3,11,10,4,10,9,6,16,12,5,4,4,10,9,5,14,5,6,4
pt270,M,0,0,2,0,3,3,3,7,2,4,3,8,6,13,5,9,7,12,13,18,8,13,6,6,15,3,10,7,10,7
pt271,M,0,0,1,2,4,1,5,7,6,5,4,3,12,12,13,5,15,8,12,5,12,4,7,6,5,9,3,3,7,3
pt272,F,0,0,0,0,1,2,6,3,4,2,2,10,3,9,6,10,6,11,11,19,12,15,14,10,15,9,11,7,3,3
pt273,F,0,0,2,2,1,1,5,6,6,7,5,7,12,5,7,5,15,11,7,13,15,19,14,13,15,4,11,5,6,7
pt274,F,0,0,0,2,1,4,5,3,3,2,7,7,5,4,9,6,16,8,13,12,16,17,5,15,13,6,8,13,12,6
pt275,F,0,1,2,1,4,5,5,1,7,6,5,10,9,4,4,5,16,4,5,4,6,9,11,4,4,5,4,8,10,7
pt276,M,0,1,2,3,4,2,2,1,3,2,9,2,8,9,8,13,5,11,13,8,20,7,6,15,4,7,14,4,8,9
pt277,F,0,0,2,0,4,4,6,3,4,8,4,8,10,13,6,10,10,15,6,13,10,6,16,6,5,3,10,6,9,3
pt278,M,0,0,0,2,3,3,3,3,6,7,5,6,10,8,13,5,14,9,11,6,10,17,7,10,15,3,4,10,12,11
pt279,F,0,1,2,0,3,1,4,7,8,2,5,4,7,11,11,14,12,17,10,11,5,18,14,14,9,7,5,8,9,7
pt280,F,0,0,0,2,1,4,2,1,7,5,9,8,8,6,9,3,11,9,17,6,10,11,17,16,16,10,13,13,6,10
pt281,F,0,0,1,2,4,4,3,5,3,3,2,6,9,13,6,13,6,4,15,6,15,11,6,14,6,7,13,4,3,11
pt282,M,0,0,2,2,4,5,5,1,5,2,9,6,6,7,14,15,11,17,13,19,18,18,16,4,7,15,6,5,6,8
pt283,M,0,0,2,1,2,3,6,5,8,5,3,8,11,4,6,5,15,17,9,7,16,9,18,6,9,13,12,10,6,10
pt284,M,0,0,0,2,1,5,4,2,5,6,7,6,6,9,3,15,9,11,14,14,14,10,5,10,11,11,12,10,6,4
pt285,F,0,0,0,1,1,1,6,3,3,4,7,7,9,7,14,3,7,8,12,7,6,7,7,6,8,14,4,6,8,10
pt286,F,0,0,2,2,4,3,4,2,8,6,2,8,12,9,5,10,11,16,16,14,9,15,7,17,13,11,10,10,3,4
pt287,M,0,0,2,0,3,1,4,4,4,4,9,11,4,9,12,15,4,13,9,13,11,17,5,15,8,6,8,3,12,8
pt288,M,0,0,0,1,1,3,1,5,4,8,8,5,9,3,14,15,7,11,10,17,20,8,13,10,9,7,6,8,3,2
pt289,M,0,1,0,1,4,5,3,7,2,3,9,7,3,11,3,12,6,16,16,13,12,8,14,17,9,13,8,8,9,4
pt290,M,0,0,0,1,4,1,5,6,4,9,3,5,7,9,11,15,10,9,8,18,18,19,12,4,6,4,11,11,5,11
pt291,M,0,1,1,0,3,4,1,7,7,4,2,8,7,12,14,8,6,8,12,15,18,8,12,17,14,4,12,7,10,8
pt292,F,0,1,1,2,2,4,5,2,7,9,7,6,10,9,9,4,16,4,11,12,6,10,16,12,7,11,14,8,12,7
pt293,M,0,0,1,3,3,1,3,3,3,2,6,9,6,3,13,15,7,16,17,15,10,16,4,17,8,13,4,10,12,3
pt294,F,0,0,0,3,2,3,2,5,8,8,7,4,8,6,8,4,8,4,4,4,9,19,8,9,7,8,10,12,4,11
pt295,M,0,0,1,2,3,5,6,4,8,4,10,7,3,6,12,6,6,15,9,19,7,15,16,11,9,9,9,6,8,2
pt296,M,0,0,1,0,1,3,5,5,5,3,4,9,10,5,6,5,13,9,4,6,5,16,5,11,5,12,10,5,7,10
pt297,M,0,1,1,1,2,2,4,1,2,8,9,8,5,11,3,12,4,7,6,7,5,5,11,12,7,12,5,8,6,10
pt298,M,0,0,2,1,3,5,6,2,3,8,6,6,3,3,11,5,4,14,10,11,5,15,10,15,13,12,13,10,3,2
pt299,F,0,1,2,3,4,5,1,2,2,6,7,2,4,8,8,14,14,9,13,13,9,8,10,17,14,15,13,13,9,4
pt300,M,0,0,1,0,3,4,4,3,3,9,3,2,8,11,8,7,9,15,7,19,16,15,6,16,5,13,9,11,5,3
pt301,M,0,0,2,0,3,4,5,7,6,7,8,4,4,6,9,5,10,12,16,8,19,17,16,16,12,12,12,9,8,4
pt302,M,0,1,0,2,2,4,2,4,2,8,7,8,5,6,12,3,13,14,18,4,10,17,14,11,9,15,3,10,3,8
pt303,M,0,0,1,0,2,2,2,5,5,7,7,6,8,5,7,13,14,11,15,16,6,14,11,10,9,5,4,7,8,7
pt304,F,0,0,0,2,4,2,2,2,4,4,5,8,5,9,8,13,8,9,11,15,7,8,18,14,16,3,6,7,9,6
pt305,F,0,1,2,1,3,2,5,7,3,8,3,6,5,5,3,15,16,6,15,6,18,13,4,10,5,5,12,3,7,7
pt306,M,0,0,1,2,3,1,1,7,8,2,2,6,8,12,12,14,6,5,18,12,13,6,17,8,14,3,4,7,7,4
pt307,F,0,1,0,0,4,3,1,3,8,6,9,3,10,6,3,14,7,15,18,6,7,4,10,5,9,12,4,6,8,5
pt308,F,0,1,0,3,2,1,4,6,5,6,3,9,11,13,11,15,16,13,18,7,9,6,15,10,16,5,7,10,9,9
pt309,M,0,0,1,3,1,4,6,5,5,8,7,8,4,13,6,14,16,16,11,8,16,11,8,8,16,8,6,4,11,5
pt310,M,0,0,0,2,3,3,5,2,3,3,4,2,8,10,5,13,7,4,15,9,11,5,12,4,11,7,4,6,6,3
pt311,M,0,1,2,3,3,5,5,3,2,6,10,9,6,6,10,3,11,4,7,7,20,5,9,8,9,4,6,4,6,8
pt312,M,0,1,1,3,1,1,4,3,5,4,3,6,9,13,10,10,12,14,14,12,5,14,10,9,10,10,11,4,10,6
pt313,F,0,0,1,1,2,3,3,4,7,7,7,9,9,13,12,8,10,15,18,9,11,7,5,13,13,9,4,10,4,8
pt314,F,0,1,0,3,1,3,1,2,3,8,5,5,4,4,6,5,10,7,7,19,15,5,11,6,11,11,7,8,5,8
pt315,M,0,1,1,2,4,3,4,1,6,7,6,2,10,12,9,8,8,14,18,15,16,15,16,9,10,12,14,12,8,5
pt316,M,0,0,2,1,4,1,5,4,5,6,10,11,3,5,13,11,4,8,13,11,6,10,12,5,16,4,9,5,3,4
pt317,M,0,1,2,1,4,4,4,3,2,9,7,2,9,3,11,12,14,8,18,9,8,13,4,12,14,3,10,12,8,8
pt318,M,0,0,1,2,3,4,6,7,2,3,6,5,12,13,4,12,8,14,13,18,7,18,9,9,15,7,12,11,4,7
pt319,F,0,1,1,1,1,3,1,4,8,3,3,10,6,10,9,5,11,10,6,9,19,4,18,7,10,15,3,3,10,9
pt320,F,0,1,0,3,4,5,5,3,6,2,8,4,10,8,12,12,11,4,18,6,19,5,7,14,14,5,8,4,10,6
pt321,F,0,1,0,1,4,1,1,5,5,3,4,3,11,6,11,11,6,12,13,10,16,5,15,15,12,5,13,5,8,6
pt322,F,0,0,2,1,4,2,1,4,4,5,6,11,7,10,8,7,16,11,16,11,9,7,6,17,9,3,4,6,9,11
pt323,F,0,0,0,0,2,5,5,1,6,2,8,3,8,13,10,7,7,6,4,9,7,8,17,15,8,14,4,12,5,3
pt324,F,0,0,0,1,4,4,3,7,8,8,10,11,10,11,7,4,13,8,12,13,12,17,7,16,7,8,4,10,5,7
pt325,M,0,0,1,2,1,5,4,7,2,4,9,10,4,4,10,11,5,8,11,6,8,17,5,15,12,11,8,8,5,5
pt326,F,0,0,2,2,1,4,6,5,8,5,6,9,7,7,10,5,14,7,7,13,6,11,7,11,8,12,10,5,4,5
pt327,M,0,0,2,0,3,1,4,3,7,8,3,11,3,10,9,9,7,5,7,10,9,7,6,7,7,4,11,6,5,7
pt328,M,0,0,2,3,3,3,1,5,3,2,4,11,9,11,14,5,11,14,6,18,14,7,10,13,10,15,13,10,12,5
pt329,F,0,0,2,1,2,3,5,5,6,7,5,4,12,9,5,14,6,14,7,4,7,17,9,9,12,14,6,13,4,3
pt330,F,0,0,0,3,2,3,1,4,8,8,2,2,8,3,5,8,7,4,16,11,18,12,8,9,7,10,12,8,8,7
pt331,F,0,0,0,0,3,4,6,6,8,5,2,9,8,8,11,8,10,12,8,13,9,5,5,17,13,9,3,5,11,4
pt332,F,0,1,2,2,2,1,5,7,2,6,10,4,7,8,4,9,5,15,12,11,13,9,7,16,6,7,13,4,3,6
pt333,M,0,0,1,3,1,5,1,7,5,5,2,7,6,11,10,8,13,16,6,7,11,4,11,14,13,7,6,4,3,10
pt334,M,0,1,1,3,3,1,3,6,2,8,5,6,12,4,4,13,15,17,12,11,6,11,4,7,11,8,13,6,4,9
pt335,F,0,1,0,0,3,3,4,6,2,8,4,9,6,4,8,14,15,16,7,18,6,8,13,7,6,7,9,6,4,7
pt336,F,0,1,1,0,2,5,6,3,8,2,9,9,4,4,9,9,13,14,10,17,10,19,11,12,5,13,7,5,6,5
pt337,F,0,1,1,2,2,1,2,2,8,4,8,10,10,13,7,9,12,5,10,10,17,14,9,12,7,15,11,9,4,11
pt338,M,0,1,1,2,4,1,6,6,7,9,6,2,3,7,14,3,12,14,17,9,17,5,7,15,11,4,8,11,8,7
pt339,M,0,0,0,2,4,5,6,1,6,8,5,9,12,9,12,9,15,4,14,4,18,13,11,8,12,14,11,10,3,7
pt340,F,0,0,0,3,4,5,6,5,5,9,6,3,9,12,14,13,16,14,18,9,6,15,7,10,6,5,7,7,10,11
pt341,F,0,0,1,1,1,5,4,3,5,9,8,10,9,13,5,4,14,7,10,14,20,7,7,12,14,8,12,5,7,8
pt342,M,0,0,1,0,1,2,1,4,6,6,10,5,6,13,4,9,7,10,5,10,18,14,16,10,7,8,11,8,3,2
pt343,F,0,1,1,2,1,1,3,7,2,8,10,10,7,9,10,5,13,4,12,17,5,5,16,16,15,9,7,3,10,10
pt344,M,0,1,0,3,1,3,6,1,2,5,2,11,6,10,8,5,6,8,17,14,16,4,15,13,16,5,5,8,10,7
pt345,F,0,0,2,0,4,5,6,5,6,4,3,6,11,6,11,13,13,4,5,4,9,15,7,5,5,7,12,5,8,3
pt346,M,0,1,2,2,4,1,4,2,6,8,8,3,8,13,6,8,16,11,18,16,11,11,12,6,9,6,12,4,11,6
pt347,M,0,1,0,3,2,4,2,6,5,7,4,3,8,4,8,3,7,7,11,13,7,7,10,17,5,4,6,7,6,3
pt348,F,0,0,0,0,2,1,5,3,3,7,8,9,5,7,8,4,11,9,12,18,6,7,11,16,10,3,6,6,12,5
pt349,F,0,0,1,2,4,3,6,5,4,6,8,7,9,9,13,11,14,7,5,11,9,14,16,11,12,13,7,3,7,10
pt350,F,0,0,2,3,1,2,4,2,3,3,3,10,5,13,7,9,15,13,6,17,14,4,12,10,12,8,13,11,10,3
pt351,M,0,1,0,0,2,1,2,3,3,7,2,9,9,6,12,14,15,13,18,17,14,10,8,14,4,6,3,8,3,11
pt352,M,0,0,1,2,2,2,6,2,3,2,4,8,10,7,6,11,6,17,4,17,12,15,17,11,4,9,9,13,3,7
pt353,F,0,0,2,3,4,2,6,3,4,3,4,7,10,11,11,14,16,6,6,17,7,12,17,7,9,7,10,4,3,8
pt354,M,0,0,1,2,1,5,4,3,8,2,10,11,9,7,8,4,15,7,13,9,12,9,15,13,9,11,11,4,9,5
pt355,F,0,1,1,0,3,2,2,7,2,5,7,9,12,4,5,9,16,11,9,15,18,5,10,13,7,11,3,13,6,11
pt356,F,0,1,0,1,2,2,4,3,6,5,2,4,10,3,8,7,11,10,9,12,11,16,12,14,9,3,10,12,5,2
pt357,M,0,1,0,3,3,1,3,2,3,2,10,5,6,4,3,11,8,7,14,12,7,14,8,9,14,14,3,11,8,9
pt358,M,0,0,2,2,4,3,1,3,4,4,7,3,10,9,11,8,5,8,14,16,16,18,9,12,14,3,9,11,7,8
pt359,F,0,1,0,2,4,1,4,3,6,8,7,7,6,7,6,14,9,7,4,18,13,14,18,4,7,6,10,9,12,10
pt360,M,0,0,1,1,4,3,5,1,3,6,6,6,12,5,7,12,16,14,10,10,9,10,9,8,9,9,6,12,12,2
pt361,F,0,1,0,2,2,5,6,2,4,7,2,2,11,5,6,4,4,7,18,17,9,5,7,15,10,4,10,3,3,2
pt362,F,0,1,0,2,3,4,1,5,3,9,2,5,8,10,10,14,15,16,7,9,10,14,6,9,4,6,6,12,7,3
pt363,F,0,0,1,2,3,4,6,7,6,4,5,9,6,13,5,12,8,10,7,6,7,12,8,13,6,9,14,6,12,2
pt364,M,0,1,2,2,1,1,3,4,7,4,2,7,12,6,9,10,12,8,11,15,5,16,18,10,16,8,7,8,5,4
pt365,F,0,0,2,1,2,5,3,5,6,4,4,2,9,3,10,15,5,17,16,6,6,16,7,6,13,8,4,5,3,10
pt366,F,0,0,1,0,2,5,1,1,7,5,3,10,8,10,7,6,10,11,8,17,8,17,7,7,7,14,8,9,4,5
pt367,F,0,1,0,3,1,1,1,1,6,5,7,3,4,4,9,10,12,8,5,19,14,15,11,5,4,13,7,10,3,5
pt368,M,0,0,1,0,1,2,1,1,6,7,10,10,6,13,11,6,6,11,5,5,14,18,14,14,5,3,12,5,7,8
pt369,F,0,0,2,1,1,4,6,5,5,6,2,2,6,4,10,6,5,15,12,5,12,14,9,16,8,10,9,7,4,10
pt370,F,0,0,2,2,1,1,6,4,6,3,10,6,12,5,5,10,8,6,10,14,15,17,17,4,15,12,7,3,11,6
pt371,F,0,1,2,0,2,2,4,7,4,4,4,3,6,3,9,8,13,12,8,5,6,12,14,5,10,6,7,10,11,7
pt372,F,0,0,2,0,4,2,2,5,3,6,6,7,9,4,3,13,16,10,16,5,12,7,12,5,5,12,4,12,4,9
pt373,F,0,1,0,3,1,5,1,5,7,4,10,4,7,12,11,8,13,17,5,15,18,12,5,17,13,3,8,4,12,2
pt374,F,0,0,1,2,2,4,5,3,6,8,4,11,8,4,4,4,6,17,5,10,15,15,7,13,16,12,4,9,8,4
pt375,F,0,0,0,3,1,4,6,5,4,3,5,9,9,9,8,5,5,5,17,10,19,10,8,9,11,4,9,7,3,8
pt376,M,0,1,1,1,2,2,1,7,2,5,9,5,8,3,7,3,5,7,10,10,13,8,4,5,8,12,7,8,12,2
pt377,F,0,0,1,3,4,5,5,1,3,3,8,2,5,3,8,14,15,5,6,8,16,15,7,12,11,11,7,4,12,7
pt378,M,0,1,1,1,1,4,2,4,4,4,6,8,11,13,12,3,9,11,14,17,12,16,8,13,7,15,14,9,10,7
pt379,F,0,0,1,3,4,1,6,3,4,3,7,3,9,5,12,7,8,11,17,17,13,7,7,5,14,5,11,4,7,2
pt380,F,0,0,1,3,3,2,5,3,6,4,5,8,12,4,12,13,7,5,16,12,20,4,16,7,5,3,10,11,5,10
pt381,M,0,0,1,0,2,2,2,1,4,8,10,4,12,9,6,9,5,13,15,12,20,12,12,11,15,10,4,7,4,7
pt382,F,0,0,1,0,1,2,4,4,3,2,2,5,10,5,10,4,10,16,9,14,5,16,11,13,5,3,9,13,7,6
pt383,M,0,1,1,1,3,3,4,3,2,8,10,9,4,13,4,15,10,12,4,15,7,9,16,16,7,8,8,10,5,9
pt384,M,0,1,0,2,2,4,1,4,5,8,10,5,8,13,10,4,5,7,16,18,20,10,13,12,15,12,12,13,9,9
pt385,M,0,0,1,1,4,5,2,1,2,8,10,7,4,5,11,11,7,7,17,6,14,5,17,8,9,15,9,12,12,5
pt386,M,0,1,1,0,3,1,4,5,4,2,10,4,10,12,5,7,13,9,18,5,8,19,13,8,7,14,4,13,3,11
pt387,M,0,1,2,2,4,2,3,6,4,2,5,7,10,8,5,11,8,16,14,19,11,5,10,10,4,9,9,11,7,9
pt388,F,0,0,1,1,3,4,3,3,4,6,4,5,3,12,11,14,14,9,13,7,19,5,14,16,16,11,10,10,9,3
pt389,F,0,0,0,1,2,4,6,7,7,2,3,5,9,10,8,3,9,13,9,13,17,10,13,14,11,13,13,12,3,3
pt390,F,0,0,2,2,3,5,6,3,7,8,8,11,4,6,6,3,13,5,10,11,14,19,14,12,7,10,14,10,7,4
pt391,F,0,0,2,1,1,2,1,2,8,8,8,5,5,5,11,3,16,6,9,13,15,8,15,5,15,6,7,7,11,2
pt392,M,0,1,1,3,2,5,3,3,4,6,7,2,7,6,14,6,15,13,7,5,5,12,10,7,6,15,14,12,4,6
pt393,M,0,1,1,3,1,5,1,7,8,6,8,8,7,7,7,10,6,17,9,10,15,12,11,13,4,8,11,9,11,5
pt394,M,0,1,0,1,3,3,2,2,4,8,8,4,5,6,6,10,14,5,6,13,12,16,15,12,7,6,4,7,10,7
pt395,F,0,1,1,1,1,1,5,6,4,6,8,9,12,10,7,15,16,14,13,15,15,7,13,11,7,7,11,13,7,3
pt396,M,0,1,2,2,4,4,5,1,2,3,10,3,12,10,11,7,10,8,4,11,14,19,16,14,8,7,14,5,5,4
pt397,F,0,0,1,1,4,1,4,7,6,7,2,6,7,6,12,13,9,9,16,6,16,4,14,6,14,14,9,11,6,11
pt398,F,0,1,0,3,4,2,5,7,5,2,3,10,12,8,7,7,10,10,5,18,13,18,16,13,9,12,12,6,12,6
pt399,F,0,1,1,2,3,2,1,3,8,5,10,7,9,7,6,7,5,4,14,4,14,18,11,13,6,13,6,13,4,11
pt400,M,0,1,1,2,3,2,5,1,3,3,10,10,7,12,4,11,13,9,10,12,13,6,11,11,6,7,11,11,12,3
pt401,M,0,1,2,2,1,5,6,1,4,4,5,4,8,10,4,4,13,16,6,11,13,18,4,15,15,4,5,4,8,3
pt402,M,0,1,1,3,3,3,2,1,2,9,2,2,6,9,10,3,5,16,9,6,18,16,12,8,11,15,7,11,4,8
pt403,F,0,0,1,0,4,1,2,5,7,8,6,4,10,6,5,3,16,16,4,12,14,10,17,10,13,12,10,10,8,2
pt404,F,0,1,0,3,3,1,4,5,5,7,7,8,4,7,13,12,16,7,4,8,5,9,10,17,16,7,9,13,4,6
pt405,F,0,0,2,3,3,2,3,7,7,7,2,8,11,7,10,6,12,5,6,7,14,14,5,4,13,4,9,6,3,10
pt406,M,0,1,1,3,3,4,3,2,6,2,3,5,6,10,6,6,7,6,12,19,19,8,5,14,12,6,4,8,11,6
pt407,F,0,1,1,0,2,3,4,4,6,7,7,9,11,3,10,15,5,9,9,9,20,17,12,6,9,11,3,5,12,11
pt408,F,0,1,2,3,4,3,2,1,4,7,3,10,6,10,4,3,15,12,15,6,11,14,8,4,12,6,4,12,11,7
pt409,M,0,1,2,0,1,2,3,7,5,5,4,9,8,4,4,14,6,8,17,15,5,19,8,6,15,5,12,9,8,7
pt410,M,0,0,1,1,4,5,1,3,5,2,9,10,7,11,5,12,14,15,12,15,16,11,4,6,16,6,12,12,4,2
pt411,F,0,1,0,1,3,5,1,7,4,5,4,7,7,6,13,13,10,14,5,9,16,4,7,9,14,12,5,6,9,11
pt412,F,0,0,0,0,4,3,4,7,3,8,3,6,9,3,3,9,15,6,11,8,20,8,15,10,12,4,14,5,4,9
pt413,F,0,1,1,1,2,2,6,1,2,3,7,3,3,7,5,13,12,6,5,7,7,6,17,11,4,10,12,7,11,7
pt414,M,0,1,1,0,3,4,5,5,8,7,8,6,5,12,4,8,7,8,13,7,6,17,8,4,8,15,3,7,5,11
pt415,F,0,1,2,3,1,3,1,1,5,4,2,9,12,8,7,6,16,15,9,15,16,18,4,12,16,3,12,12,12,10
pt416,F,0,1,2,0,2,3,1,1,2,4,9,6,6,13,7,3,6,13,14,17,12,6,11,14,12,5,13,5,8,11
pt417,F,0,0,0,0,2,5,4,3,3,6,8,8,9,9,10,11,16,5,8,13,11,6,5,12,14,8,4,3,6,6
pt418,F,0,1,2,2,4,2,3,2,4,4,8,8,6,4,3,8,9,12,16,19,5,5,10,11,16,15,11,8,5,6
pt419,M,0,1,0,2,3,4,4,4,4,7,2,6,5,9,14,8,13,12,13,10,7,18,15,17,14,15,3,11,6,3
pt420,F,0,0,0,0,1,3,3,6,2,5,7,7,10,6,12,4,9,15,13,14,15,7,13,16,16,14,9,4,12,11
pt421,M,0,0,0,2,0,4,1,7,2,6,4,7,2,4,10,7,3,13,9,3,0,1,0,15,0,5,12,3,8,6
pt422,M,0,0,0,3,0,4,3,5,3,11,4,13,6,2,8,1,3,0,17,12,4,3,4,4,9,8,8,2,5,3
pt423,M,0,0,1,2,0,1,0,1,6,9,4,3,7,5,4,14,8,5,0,10,5,4,9,12,4,5,5,8,6,2
pt424,F,0,0,0,0,0,3,7,3,2,1,5,2,8,0,10,3,3,1,13,11,12,0,5,0,5,6,10,8,4,3
pt425,F,0,0,1,0,0,2,1,2,3,9,6,14,4,6,13,8,7,13,0,15,3,1,3,1,6,4,4,0,4,2
pt426,M,0,0,0,1,1,2,2,7,4,5,4,6,5,3,11,6,2,14,1,15,8,3,3,1,2,0,8,3,14,5
pt427,M,0,0,1,2,1,0,0,1,1,5,2,14,9,1,12,12,1,13,10,14,2,13,4,16,8,0,12,2,3,4
pt428,F,0,0,0,2,0,5,2,5,1,5,6,11,2,4,2,5,0,0,4,1,7,1,7,17,12,5,5,4,3,6
pt429,M,0,0,0,2,0,2,6,3,1,6,3,9,8,4,11,5,0,10,9,3,9,5,5,16,10,2,2,8,10,1
pt430,F,0,0,0,2,0,3,3,5,6,0,0,12,7,0,16,8,2,19,0,7,2,13,5,8,11,2,5,5,1,5
pt431,M,0,0,0,1,1,5,3,7,5,8,5,10,4,4,13,8,8,6,14,14,8,9,3,1,0,1,6,4,10,4
pt432,M,0,0,0,0,1,4,4,4,1,3,2,10,3,5,10,14,6,11,2,8,10,12,2,3,10,4,0,8,14,1
pt433,F,0,0,1,3,0,2,5,1,5,1,3,8,5,6,7,6,7,14,4,15,0,2,3,0,2,8,16,1,13,0
pt434,F,0,0,0,2,0,4,5,7,6,11,4,14,2,1,14,8,4,5,8,2,8,11,6,9,10,3,14,8,10,2
pt435,F,0,0,0,0,0,5,4,1,6,0,3,7,7,5,11,8,1,7,2,13,12,5,6,10,16,2,12,3,3,6
pt436,M,0,0,1,0,1,1,1,6,2,5,6,2,1,1,4,6,0,10,12,15,6,1,5,0,8,3,1,4,4,6
pt437,M,0,0,1,1,1,0,2,0,1,8,6,5,3,1,2,12,5,12,2,14,9,8,4,1,14,1,11,7,10,1
pt438,M,0,0,1,0,1,0,7,2,0,6,4,7,9,0,12,5,2,18,5,15,6,5,0,4,16,7,2,6,2,5
pt439,F,0,0,1,2,0,1,4,6,1,12,6,9,0,2,8,3,6,0,7,12,5,15,10,5,16,7,1,4,11,6
pt440,F,0,0,1,3,0,0,2,3,0,4,2,9,7,1,11,11,8,0,16,0,4,7,10,14,0,7,15,1,11,4
pt441,F,0,0,1,2,1,3,0,3,6,4,4,5,9,3,14,7,4,20,6,0,6,7,7,5,8,7,13,8,3,4
pt442,F,0,0,0,0,0,3,5,4,1,5,3,14,7,6,15,15,7,20,16,11,10,17,5,16,2,3,9,8,14,0
pt443,F,0,0,1,0,1,0,3,5,6,1,3,13,6,2,16,0,8,11,7,1,10,12,0,1,12,6,6,4,12,3
pt444,M,0,0,1,2,1,5,7,5,3,9,5,12,1,4,1,15,1,5,8,9,5,1,7,3,7,2,12,7,11,2
pt445,M,0,0,0,3,0,0,6,3,5,1,6,14,6,0,4,2,9,13,12,13,8,6,4,15,8,5,16,7,13,3
pt446,F,0,0,1,2,0,2,1,6,1,7,1,1,5,6,15,1,4,10,12,8,0,6,2,1,9,4,10,7,6,6
pt447,M,0,0,0,3,1,1,4,1,0,4,4,5,1,6,14,16,4,10,12,8,10,1,0,19,3,2,9,7,3,5
pt448,F,0,0,1,3,0,3,1,5,1,10,3,5,2,1,0,6,2,9,0,3,12,5,3,5,16,2,9,1,13,5
pt449,F,0,0,0,1,1,3,2,1,4,4,3,7,3,6,1,17,4,11,0,13,6,8,8,2,3,5,0,7,14,1
pt450,M,0,0,0,3,0,3,1,0,4,0,3,1,1,6,5,5,7,18,9,9,2,15,8,1,9,7,8,3,5,5
pt451,M,0,0,1,0,0,5,0,3,2,8,1,6,4,6,15,9,6,15,11,6,3,11,3,13,7,0,7,0,5,0
pt452,M,0,0,0,2,0,1,1,7,2,4,0,8,6,0,1,12,3,5,15,0,12,13,9,7,15,5,16,5,13,5
pt453,F,0,0,0,0,1,5,3,0,1,4,0,12,1,5,13,3,8,20,15,4,2,14,1,6,3,8,3,8,7,3
pt454,M,0,0,0,2,1,3,1,5,2,11,1,2,4,2,4,5,1,7,2,14,5,16,3,16,6,2,15,1,8,2
pt455,F,0,0,0,0,1,0,7,7,2,7,5,10,2,1,17,10,4,8,16,4,9,3,3,8,5,7,6,0,4,1
pt456,M,0,0,0,2,0,1,1,5,5,8,6,8,9,1,7,9,2,3,11,5,10,9,0,15,14,4,14,7,8,1
pt457,F,0,0,1,0,0,1,4,4,5,5,0,8,6,1,17,16,7,20,7,13,5,16,9,6,10,7,4,5,3,5
pt458,F,0,0,1,2,1,1,2,5,3,9,1,5,0,4,2,14,7,6,16,16,6,2,5,13,10,8,8,8,6,5
pt459,M,0,0,1,2,0,0,4,1,0,11,3,0,1,0,14,13,4,16,12,0,10,12,0,18,16,2,10,3,5,5
pt460,F,0,0,0,3,0,5,2,4,3,8,6,9,4,5,10,4,6,17,13,10,5,11,5,18,8,1,4,3,13,0
pt461,M,0,0,1,3,1,4,7,5,5,8,1,3,2,6,8,1,8,3,17,16,1,10,1,9,3,6,1,1,8,0
pt462,F,0,0,1,0,1,3,4,2,1,0,6,14,2,6,13,6,1,18,15,11,9,17,8,15,2,1,9,5,5,4
pt463,M,0,0,1,0,0,5,7,4,1,6,3,2,5,0,16,11,2,6,16,0,7,4,5,7,13,4,2,8,9,2
pt464,M,0,0,0,1,0,5,4,6,1,7,5,14,4,0,12,3,3,13,2,8,11,13,0,0,10,0,15,0,13,1
pt465,M,0,0,1,3,0,0,1,4,5,6,2,9,6,3,3,2,7,19,6,1,12,9,8,18,11,4,7,6,5,1
pt466,F,0,0,1,3,0,5,7,5,4,11,3,0,3,1,10,2,5,8,12,7,11,7,2,9,15,7,7,0,14,4
pt467,F,0,0,1,3,0,4,5,3,5,1,3,10,4,2,2,16,6,1,12,1,11,5,2,5,14,2,2,3,10,6
pt468,M,0,0,1,1,1,0,2,2,3,2,4,4,6,4,6,13,6,11,15,2,10,3,3,2,6,8,7,5,13,3
pt469,M,0,0,1,3,0,3,0,3,6,3,5,9,3,3,10,3,9,1,9,6,12,13,8,11,16,4,2,3,1,5
pt470,M,0,0,1,1,0,1,6,2,5,8,0,7,2,5,13,14,0,19,4,16,9,2,6,16,3,3,6,0,11,0
pt471,F,0,0,1,1,0,3,4,4,5,5,0,6,7,3,14,9,8,7,6,1,0,13,9,3,1,2,5,0,12,5
pt472,F,0,0,1,0,1,2,2,1,5,0,6,8,8,5,3,13,3,6,6,15,7,12,2,19,16,8,10,0,7,1
pt473,F,0,0,1,2,1,3,6,5,0,7,5,7,2,1,11,1,5,4,1,2,6,7,7,7,13,4,2,2,9,1
pt474,F,0,0,1,1,1,3,0,4,3,8,0,1,1,4,2,6,6,6,7,13,12,15,3,12,13,8,11,1,8,2
pt475,F,0,0,0,0,0,3,6,3,3,3,0,11,8,6,4,0,3,17,8,2,8,5,3,18,5,8,1,6,0,6
pt476,M,0,0,1,3,0,2,6,5,6,7,2,10,1,4,14,11,1,19,14,8,10,14,10,4,11,8,8,2,3,5
pt477,M,0,0,1,2,1,2,4,5,3,10,5,10,0,4,12,8,2,12,8,8,4,14,1,13,2,8,6,5,1,4
pt478,M,0,0,1,3,0,3,2,0,3,2,6,11,3,1,0,3,3,0,11,1,6,3,4,16,3,2,13,6,9,4
pt479,M,0,0,1,2,1,0,4,3,1,6,4,14,4,3,14,17,1,0,8,5,4,4,10,2,14,5,11,0,6,4
pt480,F,0,0,0,0,0,0,0,0,0,0,0,0,0,0,0,0,0,0,0,0,0,0,0,0,0,0,0,0,0,0
pt481,M,0,0,0,2,4,5,5,4,4,6,8,2,3,8,7,13,8,14,17,6,5,15,14,13,8,6,9,9,11,10
pt482,M,0,1,0,1,3,1,5,3,8,5,8,7,11,4,14,13,9,6,15,12,6,5,11,11,14,5,6,6,5,5
pt483,M,0,1,2,2,4,1,4,2,7,5,10,6,12,3,9,9,9,5,6,12,14,19,9,6,7,6,14,3,11,2
pt484,F,0,1,1,2,2,1,5,3,5,6,3,7,9,8,11,9,4,16,4,17,13,12,8,4,9,13,5,6,8,10
pt485,M,0,1,2,3,3,5,3,4,4,6,8,7,10,11,6,13,4,6,5,6,10,10,17,6,9,14,13,5,3,9
pt486,M,0,1,0,2,4,2,4,5,5,6,4,4,5,4,10,10,10,11,11,4,18,11,14,14,12,5,13,4,7,11
pt487,M,0,0,0,3,2,4,3,1,6,4,2,6,7,8,10,6,16,10,15,5,16,18,16,4,9,13,7,11,6,7
pt488,M,0,0,1,2,1,1,2,1,8,8,10,7,8,7,6,14,11,9,4,8,6,9,18,6,7,12,4,6,8,3
pt489,M,0,0,2,1,3,1,2,7,2,8,7,7,9,13,5,10,9,10,5,16,7,4,8,6,10,13,11,5,8,4
pt490,F,0,1,1,2,3,5,1,4,5,6,4,6,9,13,11,7,5,8,9,12,8,6,4,14,14,14,14,11,4,8
pt491,F,0,1,0,3,1,2,4,4,6,3,8,9,4,10,10,3,12,17,18,15,13,19,10,8,8,5,12,10,11,4
pt492,F,0,1,0,1,1,3,1,5,8,3,5,5,12,6,6,10,14,11,7,18,19,16,5,15,4,15,4,7,10,11
pt493,F,0,1,0,1,4,2,2,2,2,7,4,4,7,3,6,6,15,10,17,17,20,7,6,16,4,7,9,13,3,11
pt494,M,0,1,0,3,1,1,2,7,6,5,8,2,11,4,3,10,8,9,18,6,20,11,14,9,9,10,4,6,3,10
pt495,F,0,1,0,3,4,3,1,4,3,7,3,6,7,3,11,3,6,7,14,12,18,12,13,9,11,13,13,7,8,4
pt496,M,0,0,0,0,4,1,3,7,5,6,2,6,9,6,3,5,13,14,16,18,9,13,4,4,16,9,11,6,12,2
pt497,M,0,0,0,1,4,4,1,2,8,7,4,9,10,12,11,13,9,10,12,16,7,14,16,17,15,10,12,11,10,5
pt498,M,0,1,1,0,1,5,6,6,2,9,10,7,5,11,9,15,8,11,4,8,15,19,4,13,5,9,11,3,9,10
pt499,F,0,0,2,3,4,3,3,6,6,2,6,11,11,10,10,6,9,5,9,17,7,8,9,13,11,9,10,8,5,7
pt500,F,0,1,2,3,2,3,3,3,5,9,6,9,10,9,14,10,6,4,16,14,6,8,12,7,15,14,7,8,3,10
pt501,F,0,1,2,1,1,4,4,1,5,2,9,4,9,11,9,3,5,13,13,6,16,10,12,16,10,3,10,8,4,7
pt502,F,0,0,0,1,4,4,6,2,4,8,8,4,5,6,14,12,7,5,8,14,5,7,8,17,15,6,5,9,8,8
pt503,M,0,1,1,3,2,2,6,4,5,9,7,8,4,13,3,11,7,7,17,8,12,11,9,6,13,14,11,13,10,3
pt504,M,0,0,2,2,3,4,5,1,7,6,5,6,6,8,10,4,16,15,5,7,6,9,14,11,14,8,6,10,5,11
pt505,M,0,1,1,1,2,2,1,3,5,6,5,6,7,5,8,12,9,5,4,7,12,13,7,14,15,9,3,11,7,9
pt506,M,0,1,0,0,4,5,3,5,5,8,8,5,9,7,8,5,4,4,18,14,16,13,12,7,7,12,12,9,10,6
pt507,F,0,1,0,3,3,5,1,2,3,5,5,5,5,9,11,8,5,6,15,13,9,14,13,6,6,4,6,13,9,6
pt508,M,0,0,0,3,4,5,5,2,3,2,4,7,4,5,4,13,12,14,12,12,11,8,17,17,5,3,7,4,9,2
pt509,F,0,1,0,0,1,5,5,6,3,3,8,9,9,6,7,14,14,9,18,6,12,13,10,12,16,5,10,13,9,7
pt510,M,0,0,2,3,3,2,6,2,5,8,5,10,5,8,9,3,4,13,17,5,7,6,5,10,6,12,7,10,4,11
pt511,M,0,0,1,3,1,5,4,2,4,8,3,7,3,13,6,11,16,16,17,13,13,11,7,17,16,7,4,12,9,10
pt512,M,0,1,1,1,1,2,3,4,8,5,6,8,6,13,7,14,7,12,15,10,5,7,6,6,13,11,10,4,6,11
pt513,M,0,0,2,2,3,2,3,1,8,9,6,6,10,12,6,9,7,12,11,17,15,18,15,13,15,3,11,9,8,10
pt514,M,0,1,0,2,2,3,5,3,3,5,5,4,12,5,10,4,6,10,10,6,13,9,13,12,13,12,11,8,9,9
pt515,M,0,1,1,3,1,5,4,4,6,6,10,10,8,4,4,11,15,6,6,7,10,15,11,17,6,13,7,9,11,6
pt516,F,0,0,0,3,3,2,2,7,7,9,2,8,4,3,7,12,5,5,4,18,19,9,15,13,11,14,9,7,10,6
pt517,M,0,0,2,1,1,5,5,1,7,9,3,9,5,6,8,8,12,4,12,14,18,5,7,11,16,14,12,11,8,5
pt518,F,0,1,0,2,1,2,5,5,2,2,3,11,5,5,6,3,6,9,10,7,14,8,7,7,14,14,5,10,5,8
pt519,M,0,1,1,2,3,4,1,5,6,7,4,2,11,11,11,8,13,4,11,16,12,18,18,11,9,5,3,7,7,11
pt520,M,0,1,2,2,4,2,2,4,4,7,9,8,12,3,6,7,14,9,7,13,9,11,10,12,10,4,4,11,5,7
pt521,M,0,1,2,3,4,1,2,7,5,3,8,7,6,12,6,13,14,11,16,8,8,9,5,15,4,11,10,3,9,7
pt522,F,0,0,1,1,1,5,5,5,8,7,10,10,11,3,3,7,16,8,9,18,13,5,18,4,16,13,5,7,9,4
pt523,M,0,1,1,0,1,3,1,5,5,8,9,6,8,12,13,10,10,11,9,13,14,11,12,15,8,4,11,4,8,8
pt524,F,0,0,0,0,4,4,6,7,7,8,4,5,7,3,14,9,5,15,13,12,20,16,14,15,6,13,6,13,5,4
pt525,F,0,1,0,3,1,3,2,5,5,5,6,2,5,7,9,13,6,17,16,4,15,5,11,13,6,15,9,8,9,9
pt526,F,0,0,1,3,3,3,2,5,3,4,2,11,4,7,11,3,12,4,10,17,6,17,9,7,12,8,8,6,10,5
pt527,M,0,1,1,0,2,3,3,3,6,5,4,11,4,4,9,7,9,16,6,13,10,9,6,13,5,7,12,8,11,7
pt528,M,0,0,1,0,4,2,2,2,3,9,2,9,3,3,9,12,16,9,13,5,15,16,13,5,15,9,11,11,11,7
pt529,M,0,1,2,3,2,1,5,6,5,6,10,5,5,12,6,5,11,15,17,12,11,5,18,9,6,10,5,11,9,6
pt530,F,0,1,0,0,2,1,1,1,4,9,10,5,7,3,5,9,12,17,7,10,9,9,18,13,5,7,3,7,7,8
pt531,F,0,0,0,0,1,1,5,5,8,4,9,2,12,3,4,4,5,5,13,15,17,12,5,17,5,5,11,6,4,8
pt532,F,0,1,2,1,4,1,6,6,3,3,4,9,8,10,9,7,16,7,5,4,20,18,7,6,7,6,11,7,11,9
pt533,M,0,0,0,2,3,1,2,6,3,6,10,11,6,13,5,9,11,8,13,16,20,8,13,5,13,6,6,8,5,3
pt534,F,0,1,1,1,2,2,5,5,5,9,6,4,6,12,4,5,11,17,5,19,10,6,8,7,10,13,14,4,8,2
pt535,M,0,0,0,3,1,1,6,3,4,8,10,10,6,12,13,9,6,10,18,8,8,4,4,15,6,7,14,11,5,2
pt536,M,0,0,1,0,4,1,2,4,7,2,6,7,7,7,13,7,11,7,8,8,5,11,10,12,14,10,6,9,11,8
pt537,M,0,0,2,0,4,3,5,7,5,7,3,8,6,3,11,11,6,9,6,10,5,14,17,17,10,8,3,12,11,10
pt538,M,0,1,2,0,4,3,6,5,2,9,7,2,8,11,9,9,8,14,17,8,15,13,4,4,8,11,13,3,12,2
pt539,M,0,0,0,2,3,2,3,6,3,7,7,3,12,5,7,12,12,15,9,18,11,13,5,15,8,11,3,11,12,11
pt540,F,0,1,2,0,4,2,2,7,5,5,9,8,4,9,7,7,9,12,10,6,18,14,14,10,6,8,4,5,5,10
pt541,M,0,1,0,0,3,2,3,6,7,5,10,9,10,9,5,15,12,14,13,9,15,17,4,4,4,8,5,4,7,10
pt542,F,0,1,1,3,2,3,4,3,8,3,4,7,10,5,6,6,8,16,14,5,10,11,7,11,14,13,6,6,3,4
pt543,F,0,1,0,3,1,1,3,5,6,2,2,8,11,9,14,4,13,6,16,15,8,7,6,17,15,14,14,10,10,10
pt544,F,0,0,2,3,3,1,5,6,8,9,6,9,4,13,5,7,15,4,12,8,8,8,15,10,12,14,3,13,12,2
pt545,F,0,0,2,0,1,4,1,3,4,7,8,9,9,11,7,4,13,14,11,16,11,13,10,6,12,11,11,5,11,10
pt546,M,0,1,0,0,1,5,2,3,5,2,10,9,3,12,14,6,13,8,4,9,19,5,11,5,15,15,10,6,4,9
pt547,F,0,1,1,3,3,1,2,5,7,4,10,7,12,3,3,12,10,6,18,5,9,7,11,14,9,5,10,8,9,9
pt548,M,0,0,1,2,4,2,6,6,2,3,10,3,12,7,14,9,15,11,8,17,9,8,7,8,15,3,9,7,10,7
pt549,M,0,0,0,2,3,2,5,6,4,4,6,10,9,6,8,5,11,10,10,8,11,11,13,6,4,7,9,5,8,8
pt550,F,0,0,1,0,2,5,6,2,6,9,6,5,8,3,10,11,8,8,6,7,6,13,9,12,10,4,4,8,11,11
pt551,F,0,0,0,1,4,4,1,7,5,3,3,2,4,5,6,13,9,10,4,19,5,9,16,16,5,10,4,7,8,4
pt552,F,0,0,1,1,4,4,4,4,6,3,3,7,11,12,8,6,9,13,9,13,15,8,16,16,9,4,7,5,4,9
pt553,M,0,1,2,2,1,3,2,3,4,5,10,2,4,6,11,10,13,9,15,18,14,6,12,9,16,9,10,11,5,7
pt554,F,0,0,0,2,4,3,4,2,7,7,8,5,12,5,13,5,11,8,18,13,20,19,10,6,15,15,8,6,7,6
pt555,F,0,0,1,0,3,2,1,4,7,9,4,5,7,13,12,15,13,14,12,7,19,10,7,14,13,13,14,11,11,4
pt556,F,0,0,0,0,2,2,3,1,5,4,4,11,8,5,10,15,16,7,5,10,7,16,14,12,7,10,11,6,11,4
pt557,M,0,1,2,3,4,5,5,7,2,7,5,10,4,13,5,10,6,5,8,11,18,9,13,9,8,14,11,7,6,6
pt558,M,0,1,2,0,2,5,2,3,7,6,8,6,11,11,13,6,12,7,4,12,6,4,8,5,16,11,13,12,7,3
pt559,M,0,1,0,3,4,2,4,4,3,3,10,7,8,7,11,10,12,10,17,7,10,17,12,9,16,11,10,4,6,4
pt560,F,0,1,1,1,1,3,4,3,8,6,4,8,11,3,6,13,9,6,18,9,11,5,12,14,10,4,10,3,12,2
pt561,M,0,1,0,3,2,3,4,5,8,2,2,4,9,10,12,15,12,8,16,5,7,15,12,14,14,12,5,7,11,4
pt562,F,0,1,2,1,4,4,1,2,5,6,10,7,3,10,13,15,7,17,13,4,17,19,16,7,14,12,8,6,3,2
pt563,M,0,0,1,1,1,5,4,5,6,7,8,10,4,8,5,14,13,6,15,17,16,13,5,16,8,14,4,7,7,6
pt564,F,0,1,2,1,1,2,1,5,2,6,2,8,3,3,5,7,10,7,10,15,7,11,10,16,10,8,7,9,9,6
pt565,M,0,0,2,1,3,3,3,6,7,4,3,6,3,6,4,8,5,10,5,6,20,10,18,4,13,12,8,11,4,6
pt566,M,0,1,0,0,1,2,5,7,6,3,8,7,6,3,8,6,14,8,11,17,19,6,18,17,12,10,8,11,12,4
pt567,M,0,1,0,2,2,1,4,3,5,5,3,10,6,6,6,13,6,14,10,8,12,4,10,11,9,4,7,5,4,5
pt568,M,0,1,2,1,3,3,6,2,7,4,6,9,8,5,4,13,4,12,13,5,10,5,10,9,6,14,8,9,3,5
pt569,M,0,1,2,0,3,4,4,6,8,6,8,9,9,10,11,13,16,5,6,15,10,16,14,11,16,15,10,9,10,10
pt570,F,0,0,1,1,3,5,3,4,3,4,8,3,8,12,13,10,10,6,5,18,17,17,7,7,14,6,3,9,11,2
pt571,M,0,1,1,3,1,1,6,3,3,5,10,7,12,7,14,4,11,17,6,9,17,4,15,15,4,5,8,6,7,7
pt572,F,0,1,2,3,3,4,6,6,8,7,3,5,3,9,9,12,7,15,4,5,16,10,6,11,10,12,5,7,12,10
pt573,F,0,0,1,3,4,4,2,4,8,5,7,6,4,3,3,9,15,8,10,15,6,11,18,8,15,13,4,8,10,10
pt574,F,0,1,2,1,2,1,5,6,5,7,6,7,12,5,7,13,11,13,13,19,14,15,6,10,10,4,10,10,4,5
pt575,F,0,1,0,3,4,4,5,5,8,6,9,7,11,11,8,7,5,12,15,9,11,7,8,12,8,15,9,4,10,8
pt576,M,0,1,1,1,1,4,5,3,3,6,9,7,6,8,4,12,5,4,13,7,13,15,18,4,7,15,6,8,8,8
pt577,F,0,1,0,2,3,3,5,6,5,2,8,11,10,13,3,7,9,16,11,12,8,16,18,11,10,13,10,8,8,10
pt578,F,0,1,0,1,1,2,4,6,5,8,10,9,5,10,9,15,8,6,11,10,8,7,17,7,13,10,9,6,9,9
pt579,M,0,1,2,2,2,5,3,2,2,8,3,11,7,9,5,5,6,16,16,11,17,19,14,8,9,13,12,5,7,9
pt580,M,0,0,1,0,1,1,6,1,6,9,6,4,4,4,4,5,4,15,18,11,7,4,4,17,4,12,13,12,7,4
pt581,F,0,1,2,1,2,2,5,1,3,7,5,8,5,7,9,4,14,8,18,14,9,10,12,11,8,5,13,6,10,6
pt582,M,0,0,1,2,4,5,6,7,4,7,9,2,11,10,14,12,12,7,11,14,13,12,14,17,6,7,3,11,4,8
pt583,F,0,1,2,1,4,5,3,7,3,4,10,5,10,8,11,4,10,4,13,7,12,16,9,17,11,11,11,13,9,3
pt584,M,0,0,0,0,1,3,6,2,4,5,10,2,4,3,5,8,16,16,16,12,18,18,14,8,13,3,3,9,7,3
pt585,F,0,1,0,1,3,3,4,7,3,8,9,7,5,8,3,10,5,7,15,13,5,4,6,6,16,7,3,4,9,11
pt586,M,0,1,1,3,4,3,6,6,2,9,9,11,9,10,13,9,7,5,15,18,8,16,18,13,10,6,4,6,6,10
pt587,M,0,0,2,0,4,1,1,3,3,7,5,2,4,6,6,11,7,4,5,15,19,11,13,8,8,13,6,13,7,4
pt588,F,0,1,0,1,1,2,3,3,7,3,5,7,12,10,8,3,16,5,14,10,10,9,8,15,6,12,4,7,8,10
pt589,M,0,0,0,1,1,4,4,1,6,6,3,3,12,6,13,11,16,12,8,8,8,18,5,14,9,15,7,13,6,9
pt590,M,0,1,1,2,2,4,6,6,8,6,6,6,9,5,9,14,15,7,18,4,8,7,6,11,6,10,3,7,7,10
pt591,F,0,1,0,2,3,4,5,1,2,4,5,2,7,13,9,4,16,12,5,11,8,6,16,6,16,8,8,10,6,8
pt592,M,0,0,2,0,4,2,5,1,2,6,10,3,6,13,4,13,10,10,6,6,13,6,6,8,14,12,13,10,11,8
pt593,F,0,1,2,1,2,3,2,5,7,2,2,2,5,8,7,7,6,17,18,13,7,13,17,12,6,13,5,13,3,2
pt594,F,0,0,2,2,1,3,6,6,4,3,8,5,4,9,13,4,8,15,7,7,6,19,12,16,10,14,3,10,3,9
pt595,F,0,0,0,2,1,4,3,6,7,9,5,7,11,3,7,6,10,5,6,15,10,14,10,5,15,15,7,13,5,5
pt596,F,0,1,1,3,1,2,4,6,5,5,6,8,10,7,8,11,15,17,4,10,10,10,6,5,5,11,6,7,11,6
pt597,F,0,1,1,0,1,1,2,2,4,3,2,11,4,4,13,3,8,7,5,5,18,9,18,17,7,7,7,10,5,10
pt598,F,0,1,1,2,3,5,2,2,7,8,7,5,3,13,3,14,11,14,14,14,14,5,13,15,6,12,6,8,9,8
pt599,M,0,0,2,2,3,1,2,6,3,2,7,8,6,11,4,12,12,11,18,14,6,11,8,16,9,3,7,13,6,3
pt600,M,0,0,2,0,1,2,2,7,3,2,4,4,9,7,6,8,10,5,14,5,16,16,8,6,5,3,5,9,12,6
pt601,M,0,0,0,2,0,4,1,7,2,6,4,7,2,4,10,7,3,13,9,3,0,1,0,15,0,5,12,3,8,6
pt602,F,0,0,0,3,0,4,3,5,3,11,4,13,6,2,8,1,3,0,17,12,4,3,4,4,9,8,8,2,5,3
pt603,F,0,0,1,2,0,1,0,1,6,9,4,3,7,5,4,14,8,5,0,10,5,4,9,12,4,5,5,8,6,2
pt604,F,0,0,0,0,0,3,7,3,2,1,5,2,8,0,10,3,3,1,13,11,12,0,5,0,5,6,10,8,4,3
pt605,F,0,0,1,0,0,2,1,2,3,9,6,14,4,6,13,8,7,13,0,15,3,1,3,1,6,4,4,0,4,2
pt606,M,0,0,0,1,1,2,2,7,4,5,4,6,5,3,11,6,2,14,1,15,8,3,3,1,2,0,8,3,14,5
pt607,F,0,0,1,2,1,0,0,1,1,5,2,14,9,1,12,12,1,13,10,14,2,13,4,16,8,0,12,2,3,4
pt608,F,0,0,0,2,0,5,2,5,1,5,6,11,2,4,2,5,0,0,4,1,7,1,7,17,12,5,5,4,3,6
pt609,M,0,0,0,2,0,2,6,3,1,6,3,9,8,4,11,5,0,10,9,3,9,5,5,16,10,2,2,8,10,1
pt610,M,0,0,0,2,0,3,3,5,6,0,0,12,7,0,16,8,2,19,0,7,2,13,5,8,11,2,5,5,1,5
pt611,F,0,0,0,1,1,5,3,7,5,8,5,10,4,4,13,8,8,6,14,14,8,9,3,1,0,1,6,4,10,4
pt612,M,0,0,0,0,1,4,4,4,1,3,2,10,3,5,10,14,6,11,2,8,10,12,2,3,10,4,0,8,14,1
pt613,M,0,0,1,3,0,2,5,1,5,1,3,8,5,6,7,6,7,14,4,15,0,2,3,0,2,8,16,1,13,0
pt614,F,0,0,0,2,0,4,5,7,6,11,4,14,2,1,14,8,4,5,8,2,8,11,6,9,10,3,14,8,10,2
pt615,M,0,0,0,0,0,5,4,1,6,0,3,7,7,5,11,8,1,7,2,13,12,5,6,10,16,2,12,3,3,6
pt616,M,0,0,1,0,1,1,1,6,2,5,6,2,1,1,4,6,0,10,12,15,6,1,5,0,8,3,1,4,4,6
pt617,M,0,0,1,1,1,0,2,0,1,8,6,5,3,1,2,12,5,12,2,14,9,8,4,1,14,1,11,7,10,1
pt618,F,0,0,1,0,1,0,7,2,0,6,4,7,9,0,12,5,2,18,5,15,6,5,0,4,16,7,2,6,2,5
pt619,M,0,0,1,2,0,1,4,6,1,12,6,9,0,2,8,3,6,0,7,12,5,15,10,5,16,7,1,4,11,6
pt620,F,0,0,1,3,0,0,2,3,0,4,2,9,7,1,11,11,8,0,16,0,4,7,10,14,0,7,15,1,11,4
pt621,F,0,0,1,2,1,3,0,3,6,4,4,5,9,3,14,7,4,20,6,0,6,7,7,5,8,7,13,8,3,4
pt622,M,0,0,0,0,0,3,5,4,1,5,3,14,7,6,15,15,7,20,16,11,10,17,5,16,2,3,9,8,14,0
pt623,F,0,0,1,0,1,0,3,5,6,1,3,13,6,2,16,0,8,11,7,1,10,12,0,1,12,6,6,4,12,3
pt624,M,0,0,1,2,1,5,7,5,3,9,5,12,1,4,1,15,1,5,8,9,5,1,7,3,7,2,12,7,11,2
pt625,M,0,0,0,3,0,0,6,3,5,1,6,14,6,0,4,2,9,13,12,13,8,6,4,15,8,5,16,7,13,3
pt626,M,0,0,1,2,0,2,1,6,1,7,1,1,5,6,15,1,4,10,12,8,0,6,2,1,9,4,10,7,6,6
pt627,F,0,0,0,3,1,1,4,1,0,4,4,5,1,6,14,16,4,10,12,8,10,1,0,19,3,2,9,7,3,5
pt628,F,0,0,1,3,0,3,1,5,1,10,3,5,2,1,0,6,2,9,0,3,12,5,3,5,16,2,9,1,13,5
pt629,M,0,0,0,1,1,3,2,1,4,4,3,7,3,6,1,17,4,11,0,13,6,8,8,2,3,5,0,7,14,1
pt630,F,0,0,0,3,0,3,1,0,4,0,3,1,1,6,5,5,7,18,9,9,2,15,8,1,9,7,8,3,5,5
pt631,F,0,0,1,0,0,5,0,3,2,8,1,6,4,6,15,9,6,15,11,6,3,11,3,13,7,0,7,0,5,0
pt632,F,0,0,0,2,0,1,1,7,2,4,0,8,6,0,1,12,3,5,15,0,12,13,9,7,15,5,16,5,13,5
pt633,M,0,0,0,0,1,5,3,0,1,4,0,12,1,5,13,3,8,20,15,4,2,14,1,6,3,8,3,8,7,3
pt634,M,0,0,0,2,1,3,1,5,2,11,1,2,4,2,4,5,1,7,2,14,5,16,3,16,6,2,15,1,8,2
pt635,M,0,0,0,0,1,0,7,7,2,7,5,10,2,1,17,10,4,8,16,4,9,3,3,8,5,7,6,0,4,1
pt636,M,0,0,0,2,0,1,1,5,5,8,6,8,9,1,7,9,2,3,11,5,10,9,0,15,14,4,14,7,8,1
pt637,F,0,0,1,0,0,1,4,4,5,5,0,8,6,1,17,16,7,20,7,13,5,16,9,6,10,7,4,5,3,5
pt638,M,0,0,1,2,1,1,2,5,3,9,1,5,0,4,2,14,7,6,16,16,6,2,5,13,10,8,8,8,6,5
pt639,M,0,0,1,2,0,0,4,1,0,11,3,0,1,0,14,13,4,16,12,0,10,12,0,18,16,2,10,3,5,5
pt640,F,0,0,0,3,0,5,2,4,3,8,6,9,4,5,10,4,6,17,13,10,5,11,5,18,8,1,4,3,13,0
pt641,M,0,0,1,3,1,4,7,5,5,8,1,3,2,6,8,1,8,3,17,16,1,10,1,9,3,6,1,1,8,0
pt642,F,0,0,1,0,1,3,4,2,1,0,6,14,2,6,13,6,1,18,15,11,9,17,8,15,2,1,9,5,5,4
pt643,F,0,0,1,0,0,5,7,4,1,6,3,2,5,0,16,11,2,6,16,0,7,4,5,7,13,4,2,8,9,2
pt644,M,0,0,0,1,0,5,4,6,1,7,5,14,4,0,12,3,3,13,2,8,11,13,0,0,10,0,15,0,13,1
pt645,F,0,0,1,3,0,0,1,4,5,6,2,9,6,3,3,2,7,19,6,1,12,9,8,18,11,4,7,6,5,1
pt646,F,0,0,1,3,0,5,7,5,4,11,3,0,3,1,10,2,5,8,12,7,11,7,2,9,15,7,7,0,14,4
pt647,M,0,0,1,3,0,4,5,3,5,1,3,10,4,2,2,16,6,1,12,1,11,5,2,5,14,2,2,3,10,6
pt648,F,0,0,1,1,1,0,2,2,3,2,4,4,6,4,6,13,6,11,15,2,10,3,3,2,6,8,7,5,13,3
pt649,F,0,0,1,3,0,3,0,3,6,3,5,9,3,3,10,3,9,1,9,6,12,13,8,11,16,4,2,3,1,5
pt650,F,0,0,1,1,0,1,6,2,5,8,0,7,2,5,13,14,0,19,4,16,9,2,6,16,3,3,6,0,11,0
pt651,M,0,0,1,1,0,3,4,4,5,5,0,6,7,3,14,9,8,7,6,1,0,13,9,3,1,2,5,0,12,5
pt652,F,0,0,1,0,1,2,2,1,5,0,6,8,8,5,3,13,3,6,6,15,7,12,2,19,16,8,10,0,7,1
pt653,F,0,0,1,2,1,3,6,5,0,7,5,7,2,1,11,1,5,4,1,2,6,7,7,7,13,4,2,2,9,1
pt654,M,0,0,1,1,1,3,0,4,3,8,0,1,1,4,2,6,6,6,7,13,12,15,3,12,13,8,11,1,8,2
pt655,M,0,0,0,0,0,3,6,3,3,3,0,11,8,6,4,0,3,17,8,2,8,5,3,18,5,8,1,6,0,6
pt656,F,0,0,1,3,0,2,6,5,6,7,2,10,1,4,14,11,1,19,14,8,10,14,10,4,11,8,8,2,3,5
pt657,M,0,0,1,2,1,2,4,5,3,10,5,10,0,4,12,8,2,12,8,8,4,14,1,13,2,8,6,5,1,4
pt658,M,0,0,1,3,0,3,2,0,3,2,6,11,3,1,0,3,3,0,11,1,6,3,4,16,3,2,13,6,9,4
pt659,F,0,0,1,2,1,0,4,3,1,6,4,14,4,3,14,17,1,0,8,5,4,4,10,2,14,5,11,0,6,4
pt660,F,0,0,0,0,0,0,0,0,0,0,0,0,0,0,0,0,0,0,0,0,0,0,0,0,0,0,0,0,0,0
pt661,F,0,0,2,3,3,1,6,6,3,6,10,6,8,5,5,8,16,12,13,5,13,18,11,12,11,9,10,13,9,4
pt662,M,0,1,0,1,1,1,1,1,7,7,4,2,7,8,4,6,16,17,13,5,17,5,17,8,5,10,3,5,5,5
pt663,M,0,1,2,0,4,5,6,2,5,3,8,3,8,11,7,9,7,4,8,11,5,18,4,5,6,6,5,13,7,4
pt664,F,0,0,2,0,3,2,6,7,5,6,8,5,8,11,13,8,5,11,10,11,9,12,17,5,4,15,7,5,11,3
pt665,F,0,1,1,3,3,1,1,3,4,3,6,3,9,6,6,7,5,15,18,4,9,12,9,4,9,4,9,11,10,8
pt666,M,0,1,0,0,4,2,2,4,4,6,5,9,8,3,14,11,5,7,5,14,9,7,15,10,11,5,11,12,4,7
pt667,M,0,1,2,1,3,1,5,3,8,6,3,3,12,13,12,6,15,10,5,4,16,10,12,14,15,10,6,4,8,7
pt668,F,0,1,1,0,4,5,5,2,7,5,3,5,3,8,11,13,15,9,14,19,16,11,10,17,7,8,3,7,8,9
pt669,M,0,0,2,2,3,5,1,4,6,4,7,7,3,13,7,3,7,6,18,18,10,12,17,8,7,15,13,13,11,4
pt670,M,0,0,1,2,4,5,1,7,7,7,8,2,8,13,10,10,5,16,17,13,8,6,9,5,11,15,5,6,5,10
pt671,F,0,0,2,3,3,2,3,4,8,7,6,11,5,6,8,8,9,16,7,13,14,11,17,9,9,3,11,8,3,6
pt672,M,0,0,1,3,4,1,3,4,8,2,9,6,3,11,11,6,8,6,17,13,17,12,5,11,4,15,7,4,9,4
pt673,F,0,0,0,0,3,4,5,6,6,9,10,6,7,12,9,6,15,15,9,7,10,14,15,10,5,15,13,12,8,5
pt674,M,0,1,0,0,3,5,2,4,3,2,6,5,9,3,6,13,12,16,10,4,15,10,4,15,13,15,4,3,11,2
pt675,F,0,0,2,3,2,2,6,5,2,2,9,2,6,12,14,12,6,6,17,4,8,10,8,10,6,12,13,11,8,5
pt676,F,0,0,0,0,3,2,2,3,7,9,4,9,4,10,6,14,6,10,6,10,12,13,5,6,12,14,9,8,11,3
pt677,F,0,1,1,2,4,2,6,4,8,9,8,6,5,9,12,8,9,6,11,8,6,18,4,16,11,14,9,10,3,10
pt678,F,0,0,0,1,3,3,3,6,7,8,10,8,11,10,10,10,5,6,5,9,15,11,5,17,6,13,5,11,11,3
pt679,F,0,0,1,0,1,5,3,1,8,3,8,5,3,6,7,14,14,5,7,17,13,14,11,6,14,11,10,13,8,6
pt680,F,0,1,1,1,1,4,3,6,4,4,6,8,6,13,10,12,5,15,17,8,15,16,5,10,4,12,12,13,10,4
pt681,M,0,1,1,3,4,3,3,4,7,2,3,10,4,8,10,6,14,5,9,5,14,5,4,17,11,11,7,7,12,8
pt682,F,0,1,2,0,2,4,3,1,7,2,10,2,11,7,3,13,7,11,9,14,10,7,14,4,5,10,8,12,8,6
pt683,F,0,1,0,1,2,4,3,6,5,5,8,11,6,5,11,5,15,7,11,15,17,5,16,5,11,7,11,4,12,7
pt684,M,0,1,2,0,4,5,6,1,5,2,4,4,8,9,7,12,8,12,9,7,5,6,14,10,14,13,10,8,4,9
pt685,F,0,1,1,1,4,3,1,3,6,5,6,2,5,10,8,11,4,8,4,15,20,19,11,4,10,7,8,10,6,6
pt686,M,0,1,2,1,3,1,4,1,4,6,7,2,11,13,6,12,13,14,12,18,18,7,12,6,14,15,3,11,6,5
pt687,M,0,1,1,1,4,2,6,3,7,7,7,2,6,11,3,6,10,15,10,16,6,17,16,7,8,3,10,7,3,8
pt688,F,0,0,2,2,4,5,4,7,6,8,4,8,3,3,3,13,5,16,5,19,16,16,7,13,16,11,7,12,7,11
pt689,F,0,0,2,3,3,5,1,6,3,8,6,6,4,10,5,11,6,8,11,12,12,7,18,8,13,9,4,7,6,6
pt690,M,0,1,1,2,3,1,1,5,5,8,6,11,8,11,13,13,16,16,5,6,18,12,6,9,13,10,12,11,8,5
pt691,M,0,0,1,2,3,1,3,2,2,9,9,10,11,5,5,3,7,16,8,11,9,15,4,12,4,5,9,9,3,3
pt692,M,0,1,1,2,2,3,2,5,4,7,9,10,9,12,14,15,6,7,11,8,17,17,18,9,16,12,7,9,9,8
pt693,F,0,0,1,2,2,2,5,3,4,5,6,10,11,11,12,9,14,10,15,9,14,14,5,15,9,14,13,3,7,10
pt694,M,0,1,1,3,2,1,2,4,6,9,2,6,5,4,10,7,8,12,8,5,19,15,14,16,16,9,13,11,4,4
pt695,F,0,0,0,0,4,5,1,1,7,2,6,9,11,13,4,6,6,4,9,7,17,6,4,16,12,10,5,9,3,2
pt696,M,0,0,2,1,3,1,1,2,6,3,4,3,4,3,7,14,12,6,9,16,10,8,8,7,9,3,7,7,6,3
pt697,M,0,1,0,1,2,2,5,2,5,8,8,7,5,6,13,15,5,6,5,19,6,8,7,12,12,6,10,9,7,3
pt698,M,0,1,0,3,4,5,5,6,6,4,5,9,9,9,4,6,16,14,8,10,10,9,16,10,7,4,5,12,9,8
pt699,F,0,1,0,2,3,2,5,1,7,4,6,3,6,3,9,5,12,5,7,12,6,6,5,17,5,15,12,7,11,6
pt700,F,0,1,2,2,1,5,2,6,3,6,2,2,6,8,9,3,15,5,9,14,8,8,10,5,6,14,14,10,11,11
pt701,F,0,0,0,1,3,3,5,4,3,5,7,3,9,10,13,12,14,13,4,14,17,17,6,4,5,12,3,9,6,6
pt702,F,0,0,0,1,2,4,3,4,8,8,6,7,8,11,3,14,12,14,7,5,5,13,12,14,10,9,8,4,10,5
pt703,M,0,0,0,2,4,4,6,5,2,2,2,7,7,3,12,8,14,11,10,5,16,4,8,10,13,7,8,12,12,4
pt704,F,0,0,0,1,2,3,6,6,2,3,8,2,3,13,14,5,10,5,10,7,16,11,18,7,7,15,11,4,6,4
pt705,F,0,0,0,2,4,3,1,7,4,3,10,8,4,7,14,11,10,13,12,6,13,6,17,11,8,14,9,6,7,7
pt706,M,0,1,0,1,4,5,2,4,5,6,9,9,5,10,11,11,14,4,13,4,19,14,16,13,6,10,3,13,5,2
pt707,M,0,0,2,2,1,1,4,5,3,7,8,10,10,13,5,9,6,7,5,5,10,15,10,17,14,8,12,6,8,7
pt708,F,0,1,0,1,2,3,6,2,6,2,3,11,10,10,5,6,5,7,18,19,14,19,14,15,10,4,13,13,6,10
pt709,F,0,0,0,1,3,1,5,2,5,8,9,2,10,8,5,11,10,17,8,18,7,19,8,13,10,14,8,11,6,5
pt710,F,0,1,2,2,4,5,4,3,2,8,9,4,4,11,6,12,13,17,10,18,13,18,9,7,10,14,11,6,12,9
pt711,F,0,0,2,1,2,4,4,1,8,3,9,6,3,13,9,6,14,15,9,17,14,12,12,4,12,3,11,9,11,10
pt712,F,0,1,1,2,3,5,2,1,6,7,2,9,7,5,7,4,10,6,9,15,11,5,6,7,8,4,10,13,12,5
pt713,M,0,1,0,2,1,1,6,2,8,9,5,11,6,12,11,9,7,16,14,18,8,4,7,5,14,10,4,9,4,2
pt714,M,0,1,0,1,4,2,3,6,4,6,5,3,6,10,7,11,7,13,17,7,18,13,10,14,6,9,4,12,7,5
pt715,M,0,0,0,3,1,1,2,4,7,7,6,11,3,5,8,11,14,12,6,7,13,9,6,5,5,15,6,7,11,9
pt716,M,0,1,0,1,3,3,6,7,2,6,7,11,7,13,11,7,6,4,14,8,8,15,16,8,9,5,7,8,6,9
pt717,M,0,0,1,3,4,1,4,5,7,7,2,3,7,7,6,15,14,8,17,4,20,16,14,4,9,9,4,9,10,7
pt718,M,0,0,2,1,3,5,3,7,2,8,5,4,12,13,7,15,13,16,16,9,18,15,8,4,16,5,13,11,10,5
pt719,M,0,1,0,2,1,5,5,2,6,5,6,7,5,7,13,6,10,8,18,5,7,14,15,7,16,12,8,3,11,11
pt720,M,0,0,0,1,3,3,4,7,8,2,10,11,8,11,3,15,9,4,9,11,11,15,17,11,15,15,14,7,11,4